Feature_name	mean_mae	sd	rank	mean_within_mae	within_sd	within_rank
wavelet-LLH_firstorder_Energy	1.9119316532754426e-10	8.298406535158413e-10	1	1.7686587947423677e-10	7.766420988831902e-10	1
wavelet-LLH_firstorder_RootMeanSquared	8.026348256422395e-17	4.482243554281949e-16	1	6.774788791717511e-17	4.155801611437777e-16	1
wavelet-LLH_firstorder_TotalEnergy	6.687068008006976e-10	2.519178257388829e-9	1	6.202145811679619e-10	2.3914651631396465e-9	1
wavelet-LHH_firstorder_Energy	0	0	1	0	0	1
wavelet-LHH_firstorder_RootMeanSquared	0	0	1	0	0	1
wavelet-LHH_firstorder_TotalEnergy	0	0	1	0	0	1
wavelet-HLH_firstorder_Energy	0	0	1	0	0	1
wavelet-HLH_firstorder_RootMeanSquared	0	0	1	0	0	1
wavelet-HLH_firstorder_TotalEnergy	0	0	1	0	0	1
wavelet-HHH_firstorder_Energy	0	0	1	0	0	1
wavelet-HHH_firstorder_RootMeanSquared	0	0	1	0	0	1
wavelet-HHH_firstorder_TotalEnergy	0	0	1	0	0	1
lbp-2D_glrlm_GrayLevelNonUniformity	0	0	1	0	0	1
lbp-2D_glrlm_LongRunEmphasis	0	0	1	0	0	1
lbp-2D_glrlm_LongRunHighGrayLevelEmphasis	0	0	1	0	0	1
lbp-2D_glrlm_LongRunLowGrayLevelEmphasis	0	0	1	0	0	1
lbp-2D_glrlm_RunEntropy	0	0	1	0	0	1
lbp-2D_glrlm_RunLengthNonUniformity	0	0	1	0	0	1
lbp-2D_glrlm_RunLengthNonUniformityNormalized	0	0	1	0	0	1
lbp-2D_glrlm_RunPercentage	0	0	1	0	0	1
lbp-2D_glrlm_RunVariance	0	0	1	0	0	1
lbp-2D_glrlm_ShortRunEmphasis	0	0	1	0	0	1
lbp-2D_glrlm_ShortRunHighGrayLevelEmphasis	0	0	1	0	0	1
lbp-2D_glrlm_ShortRunLowGrayLevelEmphasis	0	0	1	0	0	1
lbp-2D_glszm_LargeAreaEmphasis	0	0	1	0	0	1
lbp-2D_glszm_LargeAreaHighGrayLevelEmphasis	0	0	1	0	0	1
lbp-2D_glszm_LargeAreaLowGrayLevelEmphasis	0	0	1	0	0	1
lbp-2D_glszm_SmallAreaEmphasis	0	0	1	0	0	1
lbp-2D_glszm_SmallAreaHighGrayLevelEmphasis	0	0	1	0	0	1
lbp-2D_glszm_SmallAreaLowGrayLevelEmphasis	0	0	1	0	0	1
lbp-2D_glszm_ZonePercentage	0	0	1	0	0	1
lbp-2D_gldm_DependenceEntropy	0	0	1	0	0	1
lbp-2D_gldm_DependenceNonUniformity	0	0	1	0	0	1
lbp-2D_gldm_DependenceNonUniformityNormalized	0	0	1	0	0	1
lbp-2D_gldm_DependenceVariance	0	0	1	0	0	1
lbp-2D_gldm_GrayLevelNonUniformity	0	0	1	0	0	1
lbp-2D_gldm_LargeDependenceEmphasis	0	0	1	0	0	1
lbp-2D_gldm_LargeDependenceHighGrayLevelEmphasis	0	0	1	0	0	1
lbp-2D_gldm_LargeDependenceLowGrayLevelEmphasis	0	0	1	0	0	1
lbp-2D_gldm_SmallDependenceEmphasis	0	0	1	0	0	1
lbp-2D_gldm_SmallDependenceHighGrayLevelEmphasis	0	0	1	0	0	1
lbp-2D_gldm_SmallDependenceLowGrayLevelEmphasis	0	0	1	0	0	1
wavelet-LHH_firstorder_Variance	4.1540781955644023e-29	2.532583241204275e-29	3	3.079184212265353e-29	2.0582761124629162e-29	4
wavelet-HLH_firstorder_Variance	4.07324230576085e-29	2.412252223817071e-29	3	3.07229652349271e-29	2.0951254665318277e-29	3
wavelet-HHH_firstorder_Variance	3.2732563878490016e-29	2.5099300346296626e-29	2	1.681144697536104e-29	1.0388611321690134e-29	2
wavelet-LLH_firstorder_Variance	1.169097210865071e-28	9.413615748069848e-29	5	1.1010817356829205e-28	8.738023478411671e-29	5
wavelet-HHH_firstorder_Median	2.2158810728838877e-16	8.808122060556949e-17	6	2.213906303393548e-16	8.951617806102244e-17	6
wavelet-HHH_firstorder_Mean	2.583754453285072e-16	9.897225238328052e-17	7	2.5884792800593045e-16	9.916360948447788e-17	7
wavelet-LHH_firstorder_Median	3.501654134526895e-16	1.3933261152038394e-16	9	3.44457864026065e-16	1.4010266256504416e-16	11
wavelet-LHH_firstorder_Mean	3.8228963343886267e-16	1.6696483501461374e-16	10	3.7305003880818e-16	1.5853093913884893e-16	13
wavelet-HLH_firstorder_Median	4.109294441668188e-16	2.1193265192620798e-16	11	4.0268693373863197e-16	2.0786716374510005e-16	13
wavelet-HLH_firstorder_Mean	4.1186916497540887e-16	2.1827122142232935e-16	10	3.887306153833349e-16	1.8322198708160095e-16	13
wavelet-LLH_firstorder_RobustMeanAbsoluteDeviation	7.648520390380704e-16	3.6680420828136155e-16	15	7.141218372476726e-16	3.5150225161502663e-16	18
wavelet-HLH_firstorder_RobustMeanAbsoluteDeviation	5.940861188571305e-16	2.7100006045459885e-16	13	3.463044390104323e-16	1.5191379182664026e-16	11
wavelet-LLH_firstorder_MeanAbsoluteDeviation	9.837949947071094e-16	4.707552462271127e-16	19	9.083462837937377e-16	4.2735567092272567e-16	21
wavelet-LHH_firstorder_RobustMeanAbsoluteDeviation	6.096641739984395e-16	2.887464446952378e-16	13	3.266333172111352e-16	1.2398994289549668e-16	10
wavelet-HLH_firstorder_MeanAbsoluteDeviation	8.0976142157574e-16	4.016052396138032e-16	17	4.755451538840682e-16	1.9994504225450417e-16	16
wavelet-HHH_firstorder_RobustMeanAbsoluteDeviation	6.383910975645217e-16	3.2278925505196237e-16	14	2.7450367803350767e-16	1.0535103272486229e-16	8
wavelet-LLH_firstorder_Median	1.5584594540787893e-15	1.1907786403090424e-15	22	1.3196264629763556e-15	7.349457583781048e-16	28
wavelet-LLH_firstorder_Mean	1.3826771259767762e-15	1.0923992480726076e-15	21	1.1277645160883405e-15	5.260439304614483e-16	26
wavelet-LHH_firstorder_MeanAbsoluteDeviation	8.288596192144765e-16	4.249058534734118e-16	17	4.658891122447502e-16	1.808210129310074e-16	17
wavelet-HHH_firstorder_MeanAbsoluteDeviation	9.18316810617776e-16	5.076412809495743e-16	19	3.773385207562135e-16	1.4414093208344229e-16	13
wavelet-LLH_firstorder_10Percentile	1.9264169685021713e-15	7.539560377752049e-16	29	1.754744727239725e-15	6.203873663754112e-16	32
wavelet-LLH_firstorder_InterquartileRange	2.148396145062198e-15	1.0279407817898102e-15	31	2.0409865125971035e-15	1.0061488762071702e-15	32
wavelet-HLH_firstorder_InterquartileRange	1.5412465993486048e-15	6.410025562149082e-16	23	9.681350410382237e-16	4.168480584589752e-16	24
wavelet-HLH_firstorder_90Percentile	1.884820962316976e-15	7.114818434322699e-16	28	1.5008237888705122e-15	7.017015270804117e-16	30
wavelet-LHH_firstorder_90Percentile	1.8688896172881774e-15	7.057159759438309e-16	29	1.4257386426841817e-15	6.230338955696903e-16	29
wavelet-LHH_firstorder_InterquartileRange	1.5810144973068383e-15	6.726770184625524e-16	24	9.272472851767699e-16	3.49429860720978e-16	23
wavelet-HLH_firstorder_10Percentile	1.6774848771209386e-15	7.880355080534703e-16	26	9.65624658656091e-16	3.757684193924717e-16	24
wavelet-HHH_firstorder_10Percentile	1.7390509087804382e-15	7.901684163407257e-16	28	9.808092673686635e-16	3.6449328928472417e-16	25
wavelet-HHH_firstorder_InterquartileRange	1.5870869593648274e-15	7.469589359473255e-16	24	7.779099245207419e-16	2.943407891597253e-16	19
wavelet-LHH_firstorder_10Percentile	1.7288803114852998e-15	7.898244629486317e-16	27	1.018022056210975e-15	3.889287550441317e-16	25
wavelet-HHH_firstorder_90Percentile	1.7284187485709079e-15	8.173530361518683e-16	28	9.164276592624971e-16	3.392281203735649e-16	23
wavelet-LLH_firstorder_90Percentile	3.1840756197515852e-15	2.0461937139850574e-15	33	2.8707193011332136e-15	1.7165238070575285e-15	33
wavelet-LLH_firstorder_Minimum	7.297858411956277e-15	1.998657156499375e-15	36	7.02492580608815e-15	1.927722425023939e-15	37
wavelet-LHH_firstorder_Maximum	8.549659193096565e-15	2.5784735373965977e-15	38	8.28981338962492e-15	2.5556644960013013e-15	39
wavelet-HHH_firstorder_Minimum	6.581163003573404e-15	1.992634204673051e-15	35	5.829040545971695e-15	1.4450245684758623e-15	35
wavelet-HLH_firstorder_Minimum	8.040969327584253e-15	2.447110160633001e-15	38	7.516534422464548e-15	2.4119383110011456e-15	37
wavelet-HLH_firstorder_Maximum	8.467054919561472e-15	2.546342565870975e-15	38	8.19020902967212e-15	2.602456498739606e-15	38
wavelet-LHH_firstorder_Minimum	8.63433409692169e-15	2.7681767533040356e-15	38	8.18934500183431e-15	2.7420831398569854e-15	38
wavelet-HHH_firstorder_Maximum	6.826212850053729e-15	2.2647008953453666e-15	36	5.9471893647416895e-15	1.812485417681341e-15	35
wavelet-LHH_firstorder_Range	1.2917364138765049e-14	3.6290999138792596e-15	43	1.2161756222128826e-14	3.3555860341186275e-15	43
wavelet-HHH_firstorder_Range	1.0620253735512492e-14	3.8784627784394255e-15	41	8.716294429955271e-15	2.2988259985246316e-15	40
wavelet-HLH_firstorder_Range	1.2380963418438186e-14	3.5083251904628366e-15	42	1.1544520195167781e-14	3.2925037943042395e-15	42
wavelet-LLH_firstorder_Maximum	1.6685671553517074e-14	7.166381915329745e-15	44	1.6404659895238627e-14	6.7921142737855375e-15	44
wavelet-LLH_firstorder_Range	1.868492973837676e-14	6.112718044005047e-15	45	1.8419966908629083e-14	5.922467317928134e-15	45
wavelet-HHH_glrlm_GrayLevelVariance	2.350095232177987e-4	1.7938769605848966e-4	47	2.284915229101732e-4	1.6471798278442571e-4	47
wavelet-LLL_glcm_JointEnergy	2.8358727834018214e-4	3.2531315327460284e-4	47	1.5973117731218233e-4	7.453488092858025e-5	47
wavelet-HHH_ngtdm_Strength	4.6895129645506455e-4	3.7079957925191537e-4	51	4.31969057473515e-4	3.537844265589208e-4	52
wavelet-HHH_ngtdm_Coarseness	4.6941668901334785e-4	3.718696359797555e-4	51	4.3238590250742716e-4	3.549695480255183e-4	52
wavelet-HHH_glrlm_GrayLevelNonUniformityNormalized	4.7001904643559995e-4	3.587753921169809e-4	51	4.569830458203488e-4	3.2943596556885316e-4	53
wavelet-HHH_glcm_SumSquares	6.08795046266208e-4	4.258817408295381e-4	54	5.943667458195083e-4	4.004953501468973e-4	57
wavelet-HHH_gldm_GrayLevelVariance	5.771962617325872e-4	3.689182280733332e-4	53	5.667619602834692e-4	3.444648586096468e-4	56
wavelet-HLL_glcm_JointEnergy	0.0010010185012604652	0.0014038847573337365	54	3.202837565073751e-4	1.7243467116918298e-4	50
wavelet-LHL_glcm_JointEnergy	0.001002020951102405	0.0012704918618724865	55	3.228026931902232e-4	1.5489572911496952e-4	51
wavelet-HLL_gldm_SmallDependenceLowGrayLevelEmphasis	0.0014831364347554707	8.318752520657923e-4	73	0.0014363553848877125	7.897647793724126e-4	78
wavelet-LHL_gldm_SmallDependenceLowGrayLevelEmphasis	0.00131314526980022	6.583844578568255e-4	71	0.0012820742762838567	6.304565429439326e-4	76
wavelet-HLL_glrlm_ShortRunLowGrayLevelEmphasis	0.0017291844405326936	0.0010851052052725707	79	0.0016357855094461039	9.390356169136431e-4	86
wavelet-HLL_gldm_LowGrayLevelEmphasis	0.00177414213898262	0.0011393719847096748	82	0.0016720196178787003	9.655097024892006e-4	89
wavelet-HLL_glrlm_LowGrayLevelRunEmphasis	0.0017953829828217301	0.0011666901581192134	83	0.001685991153371784	9.759060631782246e-4	89
wavelet-LHH_glrlm_GrayLevelVariance	8.355821307971991e-4	6.788927847704553e-4	56	7.316605136568678e-4	6.042494271857548e-4	57
wavelet-LHL_gldm_LowGrayLevelEmphasis	0.0015440352972164249	8.628251571350237e-4	78	0.0014805898753381139	7.60438559255846e-4	85
wavelet-LHL_glrlm_ShortRunLowGrayLevelEmphasis	0.00150547496521449	8.280142852278326e-4	76	0.001446292006201488	7.393457916166225e-4	82
wavelet-LHL_glrlm_LowGrayLevelRunEmphasis	0.0015597620335813904	8.784397492298839e-4	79	0.0014903888758109492	7.645644352225303e-4	85
wavelet-HHH_firstorder_Uniformity	0.0011543925234651783	7.37836456146666e-4	64	0.0011335239205669421	6.889297172192934e-4	69
wavelet-HLL_glszm_SmallAreaLowGrayLevelEmphasis	0.001840251814377468	0.001098239694807893	86	0.0017376562319416297	9.694433608263346e-4	92
wavelet-HLL_glszm_LowGrayLevelZoneEmphasis	0.0019231619297783071	0.0012898842887385095	87	0.0017759473327461821	0.0010381841213076457	94
wavelet-HLL_glrlm_LongRunLowGrayLevelEmphasis	0.002162239411869457	0.0019620636807186945	90	0.001925001260218271	0.0011885692196681784	98
wavelet-LHL_glrlm_LongRunLowGrayLevelEmphasis	0.0018477086765253357	0.0013412359612841051	88	0.0016977265966067363	9.127087923390697e-4	92
wavelet-LHL_glszm_SmallAreaLowGrayLevelEmphasis	0.0016271396819607562	8.229070744121963e-4	83	0.0015527552912629843	7.493957902611378e-4	88
wavelet-LHL_glszm_LowGrayLevelZoneEmphasis	0.001673604038338585	9.525903781524832e-4	83	0.0015678390871084944	7.992229692987405e-4	88
wavelet-LHH_ngtdm_Strength	0.0011714103554731198	8.566430737123082e-4	64	9.308539810197844e-4	7.85010978549157e-4	61
wavelet-LHH_ngtdm_Coarseness	0.001196389228986507	8.856541066171185e-4	66	9.47708230578354e-4	8.043158071556367e-4	63
wavelet-LLL_ngtdm_Coarseness	0.0014932959707460401	5.51734433519235e-4	79	0.0012734793771169654	5.279109109290358e-4	78
wavelet-HLH_glrlm_GrayLevelVariance	0.0012454210847939306	0.0010246418015102425	64	0.0010455333034449705	8.442875448724081e-4	64
wavelet-HLL_glszm_LargeAreaLowGrayLevelEmphasis	0.009045112337910301	0.055076746154262515	117	0.0036306162349506294	0.007811570994508918	126
wavelet-HHL_glcm_JointEnergy	0.0016086239724361936	0.0023186646042563466	69	4.511458491225122e-4	2.2508287461431254e-4	54
wavelet-LLL_glcm_Imc2	0.0010470709611005828	0.0019185222260145506	50	6.2651042900379e-4	8.017469855087928e-4	52
wavelet-LHL_glszm_LargeAreaLowGrayLevelEmphasis	0.005544543728511809	0.024298888287945297	113	0.002895626897013252	0.0038261429931992883	123
wavelet-LHL_gldm_LargeDependenceLowGrayLevelEmphasis	0.003999563859703871	0.005296658432156494	120	0.003231237683267918	0.002240514063473749	131
wavelet-HHH_firstorder_Entropy	0.001672681928038106	0.0010782477686727746	79	0.0016421265918218537	0.0010050004167304848	85
wavelet-HLH_ngtdm_Strength	0.0014500741992243894	0.0010249463822478231	75	0.0011307988912464414	9.143380056300057e-4	66
wavelet-HLL_gldm_LargeDependenceLowGrayLevelEmphasis	0.004857419909201564	0.00826987834324757	127	0.003690340159086873	0.0030089111349792747	138
wavelet-HLH_ngtdm_Coarseness	0.0014954285102595553	0.0010549838589441153	77	0.0011593626836323878	9.349790445099774e-4	67
wavelet-LHL_ngtdm_Coarseness	0.0015760429359142532	7.314301530667455e-4	83	0.0011977611673612374	6.613804562202971e-4	72
wavelet-HHL_ngtdm_Coarseness	0.001487160771306647	6.710747431169923e-4	79	0.0011935047392125132	6.495993191609088e-4	73
wavelet-LLL_glszm_GrayLevelNonUniformityNormalized	0.0012071377260319985	7.247265072394998e-4	65	9.422042429904568e-4	2.748307943296098e-4	66
wavelet-LHH_glrlm_GrayLevelNonUniformityNormalized	0.0016711642615944028	0.0013577855695409116	77	0.0014633210273137399	0.0012084988543715105	76
wavelet-HLL_ngtdm_Coarseness	0.0016111796278095167	7.715544937046483e-4	82	0.0012184174228576919	6.844127721855378e-4	73
wavelet-LLL_glcm_MaximumProbability	0.0018297835049136614	0.0010843900653826725	86	0.0014548228630025138	4.527043846665596e-4	86
wavelet-HHL_gldm_SmallDependenceLowGrayLevelEmphasis	0.002050195700500077	8.587206131140601e-4	94	0.0019858444712763184	8.152041157190714e-4	105
wavelet-LLL_glrlm_GrayLevelNonUniformityNormalized	0.001426734460524739	0.0010791274807654164	68	0.0010049270175182365	3.1003719104552785e-4	68
wavelet-HHH_glcm_Idmn	0.0016500236757920408	4.701244391077058e-4	88	0.0015164949855173409	4.6549988338770226e-4	89
wavelet-LLL_firstorder_Uniformity	0.0015716620432788036	0.0013051474807034245	71	0.0010786101767986018	3.400196524767216e-4	72
wavelet-HHL_glrlm_ShortRunLowGrayLevelEmphasis	0.002410096815104973	0.0010697440051402006	103	0.0022693862693734515	9.360548086166276e-4	115
wavelet-HHL_gldm_LowGrayLevelEmphasis	0.0024534507389858858	0.0011130408266913265	106	0.0023054757184025076	9.512665767968011e-4	115
wavelet-LLL_glcm_Idmn	0.0014427896488904703	6.850849363752265e-4	76	0.0012900385458434636	5.555955116775418e-4	80
wavelet-HHL_glrlm_LowGrayLevelRunEmphasis	0.002495890717520382	0.0011427167454155576	108	0.0023327556222568053	9.627150455946232e-4	117
wavelet-HHL_glszm_SmallAreaLowGrayLevelEmphasis	0.002578048041414208	0.0011250227656192373	109	0.002403729803494807	9.608368191062081e-4	121
wavelet-HHL_glszm_LowGrayLevelZoneEmphasis	0.0027152710572239352	0.0013383659407345764	112	0.00247310611163766	0.001033804433867583	123
wavelet-LLL_gldm_SmallDependenceLowGrayLevelEmphasis	0.0015602724723855382	6.271983290066533e-4	82	0.0015111372592174134	5.776702809751592e-4	89
wavelet-HLH_glrlm_GrayLevelNonUniformityNormalized	0.0024908421695878664	0.002049283603020485	91	0.002091066606889946	0.0016885750897448167	94
wavelet-HHL_glrlm_LongRunLowGrayLevelEmphasis	0.002960421638280546	0.001992463507571421	116	0.002633398971078459	0.001123296348548527	126
wavelet-HHH_ngtdm_Contrast	0.002287086618002006	6.913515633330089e-4	106	0.0020821443868058766	6.731073733413857e-4	110
wavelet-LLL_glszm_SmallAreaLowGrayLevelEmphasis	0.001880346965488475	7.201878907319837e-4	93	0.0017947457502626692	6.444688759010551e-4	100
lbp-2D_firstorder_Energy	0.0019046717089345761	0.00125516345791993	83	0.001796301020542065	0.001181930379974735	87
lbp-2D_firstorder_TotalEnergy	0.0019046717089345761	0.00125516345791993	83	0.001796301020542065	0.001181930379974735	87
wavelet-LLL_glszm_LowGrayLevelZoneEmphasis	0.0019088673414591859	8.989200083046092e-4	92	0.00177011653330894	7.056118643545921e-4	99
wavelet-LLL_glrlm_ShortRunLowGrayLevelEmphasis	0.0019228586830990365	9.253602917451995e-4	93	0.0018010747855963963	7.27325094605885e-4	100
wavelet-HLL_glcm_MaximumProbability	0.0035205016742223885	0.002774294193145271	116	0.0019633399051684933	6.3823314066992e-4	104
wavelet-LHH_glcm_DifferenceVariance	0.0028147321416637948	9.677542108251279e-4	115	0.0025913842585302805	8.213907127377826e-4	126
wavelet-LLL_glrlm_LowGrayLevelRunEmphasis	0.002047001590275342	0.0010169079813945408	97	0.001909212656514534	7.752386660463987e-4	107
wavelet-HHH_glcm_Idn	0.002750039459653405	7.835407318461766e-4	117	0.002527491642528905	7.758331389795041e-4	126
wavelet-LLL_gldm_LowGrayLevelEmphasis	0.0021216322841950217	0.0010657005907469541	100	0.001984443649311038	8.146832145620664e-4	112
wavelet-HHL_glszm_LargeAreaLowGrayLevelEmphasis	0.09490420477025416	0.9512783267900576	149	0.0074747285722219494	0.036887936676360276	151
wavelet-LHL_glcm_MaximumProbability	0.0036404194246405226	0.002599405770842538	120	0.002012387179761832	6.390810083356485e-4	106
wavelet-HLL_glszm_GrayLevelNonUniformityNormalized	0.0034349624840703153	0.0023305086958621186	117	0.0014662532875390705	3.6430563292025797e-4	87
wavelet-HHH_gldm_SmallDependenceLowGrayLevelEmphasis	0.0031418084129204824	0.0011913727128274399	121	0.003129050150115712	0.001180633780921206	137
wavelet-HLH_glcm_DifferenceVariance	0.003258892761680798	0.0012943355083435127	121	0.0028914398694838968	9.76986792079694e-4	132
wavelet-HLL_glcm_Imc2	0.0064360451820136945	0.007046050344823161	135	0.0025420322685123383	0.00216468809941044	105
wavelet-LLL_glrlm_LongRunLowGrayLevelEmphasis	0.0026498495322421507	0.0015907702956839663	113	0.0024196946502781746	0.0010453127192857155	124
wavelet-LHH_gldm_GrayLevelVariance	0.0028622796704374435	0.0016594031114585813	118	0.002398852316868637	0.0012974928403883222	124
wavelet-LHH_glcm_SumSquares	0.0030911992530849187	0.0018235530252622015	121	0.002572130440843515	0.0013965173328143855	128
wavelet-HHL_gldm_LargeDependenceLowGrayLevelEmphasis	0.0064136268442141426	0.009040494671245698	158	0.004887486764416597	0.0027914761905032358	164
wavelet-HHH_gldm_SmallDependenceEmphasis	0.004309318422617111	0.001840177959312307	141	0.004296427762869022	0.0018213453538289586	156
wavelet-HHL_glcm_MaximumProbability	0.00460820751361827	0.003655441032620303	137	0.002280949684532896	7.38303260175208e-4	116
wavelet-HLL_glrlm_GrayLevelNonUniformityNormalized	0.004407998143971752	0.0034653171043269406	128	0.0016010075910834888	4.1489792925858085e-4	92
wavelet-LLL_glcm_Idn	0.003351875217599453	0.0018312636890574292	120	0.0024570800024391088	9.026320204345479e-4	120
wavelet-LLH_glcm_Idmn	0.002812683965667564	0.0011410771643379839	114	0.002381078668914113	5.876241728558131e-4	121
wavelet-LLL_glrlm_ShortRunEmphasis	0.004001759978110661	0.0021350561215410548	128	0.002899276053207831	4.945373590375522e-4	137
wavelet-HLL_firstorder_Uniformity	0.0048889352504675855	0.00406929460736052	132	0.001754593114333395	4.846200219264339e-4	98
wavelet-HHH_glcm_Idm	0.00412505918948011	0.0011753110977692652	142	0.00379123746379336	0.001163749708469256	151
wavelet-HHH_glcm_Id	0.00412505918948011	0.0011753110977692652	142	0.00379123746379336	0.001163749708469256	151
wavelet-LHL_glszm_GrayLevelNonUniformityNormalized	0.0034714354982796672	0.002150595989614374	121	0.0014916735526310095	3.198662831163454e-4	88
wavelet-HHH_glcm_DifferenceVariance	0.0035047784794476652	6.802179073004357e-4	131	0.003183135643589351	7.686980100120076e-4	141
wavelet-HHH_glcm_JointEnergy	0.0037372004190273714	0.00087447579186520285	134	0.0034612880454681643	9.571951136542301e-4	145
wavelet-HLL_ngtdm_Busyness	0.0089282216678687	0.01759355988394028	160	0.007055917344089509	0.010119684578417004	178
wavelet-LLH_gldm_SmallDependenceLowGrayLevelEmphasis	0.003231280961595096	0.001615514332243582	123	0.003149196104950697	0.0015961119605902322	140
wavelet-LHH_glcm_Idmn	0.0033393928853820655	7.429499929264376e-4	128	0.002514759461664457	5.471103068781624e-4	126
wavelet-HLL_glcm_Idmn	0.0040655768007576715	0.0018401793075187806	137	0.002727368280659576	0.0010763461058252697	125
wavelet-LHL_ngtdm_Busyness	0.0073002301648539564	0.011638649743076959	161	0.0062020821250748145	0.007981698436099405	174
wavelet-LHL_glcm_Imc2	0.005414101948815229	0.005770248171477303	129	0.0022658283202476753	0.0018223183693120736	104
wavelet-HLH_glcm_Idmn	0.0035768543614928595	9.337277344248452e-4	133	0.002646176536301873	6.02833942400642e-4	130
wavelet-LHL_glrlm_GrayLevelNonUniformityNormalized	0.004517652475858231	0.0032374491633931743	134	0.0016298121300119919	3.7195167182681285e-4	93
wavelet-LHH_gldm_SmallDependenceLowGrayLevelEmphasis	0.0047966216582134595	0.001524679370051909	152	0.004668103390328796	0.0015308916577518985	168
wavelet-LLH_ngtdm_Contrast	0.002777971943638341	0.0020372317262854858	117	0.002273421390087844	0.0013466068723749418	124
wavelet-LHL_glcm_Idmn	0.003960597643049256	0.0019519755427269973	133	0.002624826253462097	0.0011205754227994961	124
wavelet-LLH_gldm_SmallDependenceEmphasis	0.005023496053728931	0.001126633462746237	155	0.004902445102042127	0.001146452322669123	173
wavelet-HLH_gldm_SmallDependenceLowGrayLevelEmphasis	0.005000504694562656	0.0015868234472094559	156	0.004884597809258526	0.0015764888393061866	172
wavelet-LLL_glszm_LargeAreaLowGrayLevelEmphasis	0.0052266154134309704	0.006631223774894307	145	0.004244646772343329	0.002527188529165134	157
wavelet-LLL_glrlm_RunPercentage	0.005390136606906806	0.003010138059060437	147	0.0038116002843227043	6.325430301376815e-4	153
wavelet-LHL_firstorder_Uniformity	0.005036382582974989	0.003811536748047211	141	0.0017916928864326834	4.38756675748018e-4	98
wavelet-HLL_glrlm_ShortRunEmphasis	0.005780839920874913	0.0034094757718459135	156	0.0034373786826942723	6.313645434595479e-4	146
wavelet-HLH_gldm_GrayLevelVariance	0.003955545791893525	0.002120298865865014	134	0.003160402464999422	0.0015703331519413002	137
wavelet-HHL_glcm_Idmn	0.0050754301894289176	0.0014169481979599144	157	0.0037222804309430305	0.0010461457129139762	153
wavelet-LLL_ngtdm_Busyness	0.003585869700478899	0.005602590699700542	118	0.0027979887786906254	0.001772253940239628	126
wavelet-HHH_glrlm_LowGrayLevelRunEmphasis	0.005194771170869289	0.0014775930072063236	159	0.005162598847343723	0.0014496370829322547	177
wavelet-LLH_gldm_DependenceNonUniformityNormalized	0.006733336580963204	0.0030352432311665854	175	0.00593322524769523	0.0019804416528144556	182
wavelet-HHL_glszm_GrayLevelNonUniformityNormalized	0.005548190324792806	0.0033432497108246604	157	0.0019308723113389537	4.2803908822290566e-4	106
wavelet-LHL_glrlm_ShortRunEmphasis	0.0058540889446321584	0.003191609028603117	157	0.003441795420560087	5.860104970109644e-4	146
wavelet-HLH_gldm_SmallDependenceEmphasis	0.005828964584807492	0.0018160921488178292	170	0.005570315815841697	0.0018174895717257226	184
wavelet-LHH_gldm_SmallDependenceEmphasis	0.00579882565209331	0.0018348172902267262	171	0.005546772533506214	0.0018638567249193386	181
wavelet-HHH_glrlm_RunPercentage	0.005860494637341487	0.0010702457467315937	173	0.0052396956762936564	0.0010414133732115963	178
wavelet-HLH_glcm_SumSquares	0.004299754558398514	0.002293875334022794	140	0.003388191731180612	0.0016626441864162188	142
wavelet-LHH_firstorder_Uniformity	0.005724559340874892	0.0033188062229171636	162	0.004797704633737279	0.002594985680776645	167
wavelet-HHL_glrlm_ShortRunEmphasis	0.006633170821164698	0.00403289833620829	168	0.0035986548997718657	6.374496798185891e-4	150
wavelet-LLH_glcm_Idn	0.0046878066094459435	0.0019017952738966393	149	0.003968464448190192	9.793736214263548e-4	156
wavelet-LHH_ngtdm_Contrast	0.004718050028061064	0.001226461989307761	152	0.003522944456086654	8.27323294254632e-4	148
wavelet-HHH_glrlm_ShortRunEmphasis	0.006137058796318009	9.59503884632298e-4	177	0.006049559686083798	9.560104778663748e-4	192
wavelet-LLH_glrlm_GrayLevelVariance	0.007104017527229911	0.00523910921949839	167	0.00642001782292266	0.004887987003888615	171
wavelet-HLH_glrlm_LowGrayLevelRunEmphasis	0.006554537223566604	0.0020719608440790474	182	0.005741128760243775	0.001687135085269767	188
wavelet-HHH_glrlm_ShortRunLowGrayLevelEmphasis	0.0056020137390518695	7.517713366281188e-4	166	0.0055864337922053265	7.742491157091821e-4	185
wavelet-HHL_ngtdm_Busyness	0.016029843929146154	0.042973840915994495	226	0.011536713639469376	0.01870608734742755	241
wavelet-LLH_ngtdm_Coarseness	18717.683784385314	38068.64662766096	228	18456.85709546344	37786.496092199224	258
wavelet-LHH_glcm_JointEnergy	0.007359984625294003	0.00413144727335258	183	0.0063153244082722795	0.003048973866238725	189
wavelet-HHL_glrlm_GrayLevelNonUniformityNormalized	0.007031165583316532	0.004848662080995277	172	0.0021590013841393534	4.902739022826069e-4	116
wavelet-HHH_glrlm_RunLengthNonUniformityNormalized	0.006946969468307792	0.0015527614944750349	188	0.0065713187466714335	0.001573388875512154	199
wavelet-LLL_glrlm_RunVariance	0.007954561178614001	0.006088354021818096	174	0.005390237675277579	0.0015258848566113926	178
wavelet-HLL_glrlm_RunPercentage	0.007643106124482468	0.004552368830642985	180	0.004453043431283114	7.919249592091202e-4	165
wavelet-LLH_ngtdm_Strength	0.04455986253981961	0.06202112773285455	198	0.04296001770035019	0.06119597785053508	224
wavelet-HLH_ngtdm_Contrast	0.005198285566147543	0.001502381808768666	159	0.003791656354399644	9.011683755624682e-4	153
wavelet-LLH_glszm_ZonePercentage	0.005690222878202437	0.0015875239199796515	169	0.0053331900864779305	0.001367463821058583	179
wavelet-HHL_firstorder_Uniformity	0.007703285791857215	0.0055745261130944815	182	0.0023647995707946788	5.704511429403001e-4	121
wavelet-LHH_glcm_DifferenceEntropy	0.008541595475092305	0.0030496221551019305	198	0.007889211505827859	0.002604333106966582	213
wavelet-LHH_glcm_Idn	0.005565654808970112	0.0012382499882107288	166	0.004191265769440765	9.118505114636039e-4	160
wavelet-LHH_glrlm_LowGrayLevelRunEmphasis	0.006110716764385202	0.0016079085846809839	175	0.005551662329796551	0.001468390994608766	183
wavelet-LHL_glrlm_RunPercentage	0.007759889219357122	0.004283998985794121	183	0.004465776042223157	7.479559681352158e-4	166
wavelet-HHH_glcm_ClusterTendency	0.00807515026053733	0.0022358315575699474	201	0.007506205252657189	0.0022692188928882116	212
wavelet-HHH_glcm_Contrast	0.008250118378960225	0.0023506221955385312	203	0.007582474927586725	0.002327499416938513	212
wavelet-HHH_glcm_DifferenceAverage	0.008250118378960225	0.0023506221955385312	203	0.007582474927586725	0.002327499416938513	212
wavelet-HHH_glcm_InverseVariance	0.008250118378960225	0.0023506221955385312	203	0.007582474927586725	0.002327499416938513	212
wavelet-HHH_glcm_ClusterProminence	0.00848256269278245	0.0027145295514845367	206	0.007908962308365707	0.002731440099414313	218
wavelet-HLH_glcm_Imc1	0.008649071622470491	0.0021538178751561057	206	0.008226641196732536	0.00217532089069129	221
wavelet-LHH_glcm_Imc1	0.008442676833583318	0.002326099641628497	200	0.007949578636785755	0.0022896548282590485	215
wavelet-LLL_gldm_LargeDependenceLowGrayLevelEmphasis	0.00739735586679242	0.006553973557788631	183	0.006456054755968396	0.0036471188491249765	193
wavelet-HLH_glcm_Idn	0.005961423935821436	0.0015562128907080754	172	0.004410294227169792	0.0010047232373344035	165
wavelet-HHH_ngtdm_Complexity	0.008780203374854996	0.0025034170606803765	212	0.007972171825290576	0.0024558392659758425	220
wavelet-HLH_gldm_DependenceNonUniformityNormalized	0.007303169951155284	0.00225751481176679	186	0.0063119003533705425	0.001751627211935337	196
wavelet-HHH_glszm_ZonePercentage	0.008162099103624325	0.002879290540327517	211	0.008084704594758338	0.0028851993753963496	233
wavelet-HHL_glrlm_RunPercentage	0.008708185044210118	0.005167505929251885	196	0.004652600688710736	8.083285856806354e-4	169
wavelet-LHH_gldm_DependenceNonUniformityNormalized	0.007690982115246659	0.002187864450111934	193	0.006796319274830882	0.0019742304165625696	202
wavelet-HLL_glrlm_RunVariance	0.011336164712807316	0.011844677116443249	212	0.006225978754510055	0.0017973731016286607	192
wavelet-LLH_glcm_DifferenceVariance	0.008717699155610593	0.003500922329164934	205	0.007388673303993124	0.002298154847270401	214
wavelet-HLH_glrlm_ShortRunLowGrayLevelEmphasis	0.008785086829790949	0.001805385069438787	208	0.007973624407356186	0.0013585433551894627	224
wavelet-HLH_glcm_DifferenceEntropy	0.009953144064434165	0.0040817218375848955	210	0.008867370006268095	0.0031190090394995523	224
wavelet-LLH_glcm_SumSquares	0.00682215498359017	0.0038539143804445443	172	0.005620287206391571	0.0018621235445687877	181
wavelet-LHH_firstorder_Entropy	0.008525684820385064	0.005101643139420624	199	0.0071383793271774494	0.003997903693962504	203
wavelet-LLH_gldm_GrayLevelVariance	0.0064395063691934425	0.0036059789304160703	170	0.005347844496312225	0.0018440577068546127	179
wavelet-LLL_glrlm_RunLengthNonUniformityNormalized	0.009460333885625309	0.0044486692890029645	203	0.007015246146889792	0.001043019754598406	210
wavelet-LLH_glcm_Idm	0.007031709914168917	0.002852692910844959	183	0.00595269667228529	0.0014690604321395324	188
wavelet-LLH_glcm_Id	0.007031709914168917	0.002852692910844959	183	0.00595269667228529	0.0014690604321395324	188
wavelet-HHL_glcm_Imc2	0.013024892224102398	0.009951025044838888	237	0.004654244292213761	0.002626600665686202	167
wavelet-LHH_glszm_ZonePercentage	0.008810357165751632	0.0025220210010555555	215	0.008232404167253623	0.002169341773100837	227
wavelet-LHL_glrlm_RunVariance	0.011481393935678165	0.010982354430253888	212	0.006262753049261055	0.0017190437747912467	191
wavelet-HLH_glszm_ZonePercentage	0.008558572937408844	0.0022510259492987046	211	0.008035118123686905	0.0019874382190957027	224
wavelet-HHH_glcm_MaximumProbability	0.008716367995930431	0.0015835287929150989	212	0.00818968777043069	0.001728948694610033	224
wavelet-LHH_glrlm_ShortRunLowGrayLevelEmphasis	0.008432487306049579	0.0013308959785534292	205	0.00766918326714307	0.0011780358181706185	220
wavelet-HHL_glrlm_RunVariance	0.01270903152742994	0.012750215489430117	228	0.00649203723727868	0.001726935411967444	196
wavelet-HHH_gldm_LowGrayLevelEmphasis	0.009633746474961822	0.0018467924384372066	224	0.009522294756846765	0.0018627893256733937	246
wavelet-HLH_firstorder_Uniformity	0.007911091583787055	0.004240597731730028	196	0.006320804929998849	0.0031406663038826004	188
wavelet-HHH_gldm_SmallDependenceHighGrayLevelEmphasis	0.013555260953004673	0.0057613155575064684	252	0.013501399311037669	0.0057571417688152444	279
wavelet-HLL_glcm_Idn	0.0077887988627887116	0.002986408385220532	192	0.004635797126490074	0.0013222426615822013	167
wavelet-LLH_gldm_SmallDependenceHighGrayLevelEmphasis	0.014312895319711163	0.0059459668192419655	257	0.014024457586515288	0.005976021673819989	291
wavelet-LHL_glcm_Idn	0.007886144948019631	0.003131890175341401	191	0.004544393334558515	0.0013918350133850245	165
wavelet-LLH_glrlm_RunLengthNonUniformityNormalized	0.0077427943469853865	0.002967040612251325	192	0.007075617474665869	0.002150624562617545	209
wavelet-LHH_glcm_Idm	0.008348482213455171	0.0018573749823160932	204	0.0062868986541611506	0.0013677757671954056	196
wavelet-LHH_glcm_Id	0.008348482213455171	0.0018573749823160932	204	0.0062868986541611506	0.0013677757671954056	196
wavelet-LLH_glrlm_LowGrayLevelRunEmphasis	0.021299999905186395	0.026282624967502593	222	0.020065568779927285	0.026160232664302743	239
wavelet-LLL_glcm_Imc1	0.00969034068443126	0.0037496256455588363	211	0.008149305464257501	0.0019400585696640004	222
wavelet-HHH_glcm_ClusterShade	0.011253298433523727	0.002503733483947033	241	0.011022010428352559	0.0024940535143673772	261
wavelet-LLL_glcm_Id	0.010104677552225409	0.006709280222699376	198	0.005193100382067337	8.772851815542626e-4	178
wavelet-LLL_glcm_Idm	0.0108208549187613	0.007075178456685118	205	0.00579060466301825	9.291943679382957e-4	188
wavelet-HHH_glcm_DifferenceEntropy	0.010441395827795786	0.002109055936222115	228	0.009491810184798468	0.0023727626549174398	243
wavelet-HLH_glcm_Idm	0.008942135903732155	0.0023343193360621127	210	0.00661544134075469	0.001507084856001605	201
wavelet-HLH_glcm_Id	0.008942135903732155	0.0023343193360621127	210	0.00661544134075469	0.001507084856001605	201
wavelet-HHH_glcm_Imc1	0.010561086892744037	0.002177172628819344	229	0.009596551826999693	0.00244773466898724	244
wavelet-HHL_glcm_Idn	0.008621995932906325	0.0022447199116884075	206	0.00573732546205551	0.0011385848331272076	186
wavelet-HHH_glcm_JointEntropy	0.011263368371589982	0.0026850198332527974	234	0.010447630632064917	0.0029579892807385056	254
wavelet-LLL_glcm_InverseVariance	0.011567256098083328	0.006180597142906237	218	0.007049278809911849	0.0011556820495790556	208
wavelet-HHH_gldm_DependenceNonUniformityNormalized	0.01220255095780947	0.0029762371467751047	246	0.011624587731054778	0.0030608958429764583	266
wavelet-HLH_gldm_SmallDependenceHighGrayLevelEmphasis	0.012831589111963226	0.004089142693645649	247	0.011853386751925965	0.004219348574085418	262
wavelet-HLL_glrlm_RunLengthNonUniformityNormalized	0.01334362732573449	0.006423784194253586	243	0.008175484662275675	0.001370055369642474	227
wavelet-LLL_glszm_SmallAreaEmphasis	0.012609284593984384	0.003899374777413442	243	0.010349086365747195	0.0015047995906581249	257
wavelet-LLH_glrlm_GrayLevelNonUniformityNormalized	0.014208035054459826	0.01047821843899678	236	0.012840035645845325	0.009775974007777232	254
wavelet-LHH_glrlm_ShortRunEmphasis	0.011244402117105751	0.001985294174595689	235	0.009757203871692379	0.0014522280178939548	252
wavelet-HLH_gldm_LowGrayLevelEmphasis	0.011297030102759526	0.0028572511683864284	236	0.009317556171246277	0.001698237287298749	243
wavelet-LHL_glrlm_RunLengthNonUniformityNormalized	0.013553867083238339	0.006055928117916973	245	0.008200782673847625	0.0013129066293951475	228
wavelet-HLH_glcm_JointEnergy	0.010214201418661912	0.005735489009151224	214	0.008211185417562964	0.004018768474449958	217
wavelet-LHH_gldm_LowGrayLevelEmphasis	0.010746418954306676	0.00218551114058896	233	0.009399277785265949	0.0016668150740186563	245
wavelet-HHH_glcm_JointAverage	0.013126122515920156	0.002556192944221718	254	0.012924237374125146	0.0026000425081347776	279
wavelet-LLH_glrlm_ShortRunLowGrayLevelEmphasis	0.013317387467096053	0.007754013628770008	229	0.012176235250685763	0.007414185580192294	262
wavelet-LLH_glrlm_RunPercentage	0.01009795926257999	0.004804864473154914	214	0.008388729595260791	0.0019133400423307976	222
wavelet-LHH_gldm_SmallDependenceHighGrayLevelEmphasis	0.013756139593322798	0.004575430622481459	255	0.012991488671388161	0.0048066150893881785	273
wavelet-LLH_gldm_LowGrayLevelEmphasis	0.020843175919696554	0.0259160486531128	228	0.019382710848462232	0.025819142748411558	240
wavelet-LLH_glcm_Imc1	0.013944934405217315	0.006431954887486912	246	0.012984100894761862	0.005498234426927539	267
wavelet-HLH_glcm_ClusterTendency	0.014641878760799807	0.003418772036599734	269	0.013529453669221975	0.003424210316464934	285
wavelet-HLH_glrlm_ShortRunEmphasis	0.012147752936258891	0.0025945452302898104	246	0.010296243235965986	0.001649446424128628	257
wavelet-HHH_glcm_Correlation	0.01613962305990092	0.004466934923273804	279	0.014896590309615583	0.004479700516806053	293
wavelet-HHL_glrlm_RunLengthNonUniformityNormalized	0.015187080729860273	0.007332077307399401	260	0.008521567509865385	0.0014309208978941733	233
wavelet-HLL_glcm_Imc1	0.015325503361079993	0.008729108162101267	250	0.008916546117413732	0.002213577057989807	237
wavelet-LHH_glrlm_RunLengthNonUniformityNormalized	0.012560551195806248	0.0022736348208771623	249	0.010394281303943077	0.0017516971490270628	257
wavelet-HLH_firstorder_Entropy	0.011988297856923059	0.006707930611684768	235	0.009569398851256648	0.004990413595976526	237
wavelet-HHL_glcm_Correlation	0.012470009742637756	0.0043289382886619225	237	0.007728391319189125	0.0021956490611918936	214
wavelet-LHH_glszm_GrayLevelVariance	0.013047808364887609	0.005941687738287051	248	0.012477624861561669	0.0053831011165396386	270
wavelet-LHH_glrlm_RunPercentage	0.011792748953324371	0.0026931390940323316	241	0.008760408178245154	0.00130241445578485	236
wavelet-HHH_glcm_SumEntropy	0.014744434497394418	0.0028151568005499875	267	0.012762307707288265	0.0031572827369966525	277
wavelet-LHH_glcm_ClusterTendency	0.014308715416159133	0.0029104733330451702	265	0.012853300565728537	0.003000091936560283	276
wavelet-HLH_glrlm_RunLengthNonUniformityNormalized	0.013047256905184604	0.0027922207438633296	251	0.010548937280439678	0.0017505535089050108	259
wavelet-HLL_glszm_SmallAreaEmphasis	0.01701662076058322	0.0054706677056793815	276	0.011806038538121698	0.002013274276758389	271
wavelet-LLL_glszm_ZonePercentage	0.01779322550711134	0.0076530605721598435	273	0.013077954333662729	0.0018070011217603394	285
wavelet-HLH_glrlm_RunPercentage	0.012579831365695555	0.0032369120656146476	247	0.00919908958631439	0.0014884261557616268	241
wavelet-HLH_glszm_SizeZoneNonUniformityNormalized	0.019752603161309192	0.004473863972548925	296	0.0189545084972044	0.00436674468263845	312
wavelet-HHH_glszm_GrayLevelVariance	0.012735931975812714	0.003830161712450879	253	0.012766353272854096	0.0038265869579255604	281
wavelet-LLL_glrlm_LongRunEmphasis	0.02060854085832884	0.014670417776555787	277	0.013907162012204407	0.0032522304441985847	286
wavelet-LHH_glcm_JointEntropy	0.01988193451921262	0.009712628582112496	288	0.01770418625915387	0.007547062007191383	304
wavelet-LLH_firstorder_Uniformity	0.01287901273838689	0.00721195786083214	241	0.010695688992624455	0.003688115413709225	260
wavelet-LHH_glcm_JointAverage	0.014734392332440113	0.0030298062435110823	267	0.01285487175419599	0.0022911292501746573	280
wavelet-LLH_ngtdm_Complexity	0.013938629343112687	0.0056225491480195195	257	0.011831184541656815	0.0028995523965682406	268
wavelet-LHL_glcm_Imc1	0.015259400638653694	0.00879679355431353	251	0.009024341374958887	0.002312798947540237	238
wavelet-LHL_glszm_SmallAreaEmphasis	0.01714756820933671	0.005070425511761015	277	0.011795487982294831	0.0019453174230384587	271
wavelet-LLH_glcm_Contrast	0.01406341982833784	0.005705385821689919	258	0.011905393344570586	0.002938120864279065	269
wavelet-LLH_glcm_DifferenceAverage	0.01406341982833784	0.005705385821689919	258	0.011905393344570586	0.002938120864279065	269
wavelet-LLH_glcm_InverseVariance	0.01406341982833784	0.005705385821689919	258	0.011905393344570586	0.002938120864279065	269
wavelet-HLL_glcm_Idm	0.018433197982753505	0.009234552103827192	280	0.0077583991528553916	0.001379578527893881	220
wavelet-LLH_glrlm_ShortRunEmphasis	0.016883863851292855	0.005281097917452032	275	0.015403645851133456	0.004019009069511091	295
wavelet-HLH_glcm_JointAverage	0.015689813168355698	0.004031525925768688	272	0.012807600288837212	0.0023229958249738137	279
wavelet-LLH_glszm_GrayLevelVariance	0.01918248800440167	0.008786232702272618	287	0.01852353240441131	0.008671890653739146	307
wavelet-HHL_glszm_SmallAreaEmphasis	0.018811145469140096	0.004837081087429157	290	0.012422066135537889	0.0021256952780016837	276
wavelet-HLL_glcm_InverseVariance	0.01883105984102187	0.0077357605074951374	284	0.008918760353029699	0.0017143377789220768	239
wavelet-LHH_glcm_SumEntropy	0.02092495689404645	0.004620084927890238	299	0.01922398574203356	0.004808295801004197	313
wavelet-LHH_glcm_ClusterProminence	0.01789505710246038	0.004764562839620283	284	0.015855250476888714	0.005053419944713673	296
wavelet-LLH_glcm_JointAverage	0.028258650436500745	0.03459354968841469	264	0.026188367977053376	0.03446011265506341	276
wavelet-HLL_glcm_Id	0.018172983798348925	0.008583072503730799	279	0.007224271235248197	0.0011687805479939182	211
wavelet-LHH_glszm_SizeZoneNonUniformityNormalized	0.0183644550883074	0.004265563132785159	289	0.017669221356151527	0.004058963881677563	305
wavelet-HHH_glrlm_RunEntropy	0.020413428023604137	0.0030023216151528254	305	0.018897490790543335	0.00292411347477449	313
wavelet-LHL_glcm_Idm	0.018810421214522904	0.008730078286603923	284	0.007781906484763514	0.001378981833655514	220
wavelet-HLH_glcm_ClusterProminence	0.019693322941582943	0.006193127733700854	299	0.01820472326027015	0.006494977463791667	309
wavelet-HHH_glrlm_HighGrayLevelRunEmphasis	0.020779084683477174	0.005910372028825294	302	0.020650395389374906	0.005798548331729018	319
wavelet-LHH_ngtdm_Complexity	0.016514183634838486	0.003731617215776636	277	0.012460351548031717	0.0026981238719988878	275
wavelet-LHL_glcm_InverseVariance	0.01915483561178237	0.007289739785491804	288	0.00897882332834396	0.0017352431513520557	238
wavelet-LHH_glcm_Contrast	0.01669696442691035	0.003714749964632187	279	0.012573797308322308	0.0027355515343908112	276
wavelet-LHH_glcm_DifferenceAverage	0.01669696442691035	0.003714749964632187	279	0.012573797308322308	0.0027355515343908112	276
wavelet-LHH_glcm_InverseVariance	0.01669696442691035	0.003714749964632187	279	0.012573797308322308	0.0027355515343908112	276
wavelet-LHL_glcm_Id	0.018538564869262503	0.008171496432508273	282	0.007248845314131849	0.0011851896151661985	210
wavelet-LHH_glcm_MaximumProbability	0.016010725498448154	0.006107683370885212	280	0.012898965614622806	0.004044959413629911	283
wavelet-LLL_glcm_Correlation	0.015506891603973368	0.007406312554908509	261	0.013722699864219874	0.005777824535472977	281
wavelet-LLL_gldm_SmallDependenceEmphasis	0.0224051666393306	0.007452846355719983	304	0.01732915777663549	0.002542366433705002	308
wavelet-HLH_glcm_SumEntropy	0.023097196677127996	0.006277237853731887	312	0.021302095142654156	0.00575062215799988	321
wavelet-HLH_glszm_GrayLevelVariance	0.01620912171788044	0.005713914702441641	279	0.015311044130192474	0.00512219589081511	301
wavelet-HLH_ngtdm_Complexity	0.01772316575368935	0.004591833688140715	288	0.013070843866000709	0.0029486459885288002	280
wavelet-HHL_glcm_Idm	0.021581672645190376	0.010052811224693377	298	0.00798369673843488	0.0014318349152237686	225
wavelet-HLH_glcm_Contrast	0.01788427180746432	0.004668638672124225	289	0.013230882681509386	0.00301416971200321	283
wavelet-HLH_glcm_DifferenceAverage	0.01788427180746432	0.004668638672124225	289	0.013230882681509386	0.00301416971200321	283
wavelet-HLH_glcm_InverseVariance	0.01788427180746432	0.004668638672124225	289	0.013230882681509386	0.00301416971200321	283
wavelet-HLL_glrlm_LongRunEmphasis	0.030328905754429147	0.028785932386548665	318	0.016482923434456304	0.003957146462348375	302
wavelet-HLL_glszm_ZonePercentage	0.024618980175943002	0.010853709290966674	309	0.014849448632500505	0.0023392608292183304	296
wavelet-HLH_glcm_ClusterShade	0.018132462895475845	0.004462172528669506	292	0.014113063527940254	0.0032498788252863352	290
wavelet-HHL_glcm_InverseVariance	0.02185999792140195	0.008276744749634515	301	0.00927329873532258	0.0019233183629620441	244
wavelet-LHH_glcm_ClusterShade	0.01708779999104801	0.0037019701358042	284	0.013770523189435955	0.002754491389951548	288
wavelet-LLH_glcm_JointEnergy	0.02144202585587636	0.010993736387399504	298	0.01765377431883667	0.005750305133686821	310
wavelet-HHL_glcm_Id	0.021146508261831936	0.009150116313251834	298	0.007345018541680227	0.0012054419407739921	213
wavelet-HHH_glrlm_ShortRunHighGrayLevelEmphasis	0.023105172062522092	0.00331666493765684	311	0.02248390922745038	0.003355374859720302	330
wavelet-HHL_glcm_Imc1	0.022103874663496354	0.011145427278110248	297	0.010363747301266664	0.002673270483940332	256
wavelet-HLH_glrlm_HighGrayLevelRunEmphasis	0.02621814889426643	0.008287843376316188	327	0.022964515040975114	0.006748540341079067	332
wavelet-LLL_glszm_SizeZoneNonUniformityNormalized	0.02471584440721617	0.005646498613776353	316	0.020870830822364194	0.0031734081405857526	324
wavelet-HHH_glszm_SizeZoneNonUniformityNormalized	0.02589679139729938	0.012804691953378876	310	0.025933400684041003	0.012839544778198972	326
wavelet-LHL_glszm_ZonePercentage	0.025020155824869297	0.010319770608662729	309	0.014897230900714244	0.002352895504097328	294
wavelet-LHL_glrlm_LongRunEmphasis	0.030617939099955763	0.026492818674478738	317	0.016509309449515387	0.0036817213059125243	302
wavelet-HLH_glcm_Imc2	0.027992982453185516	0.005074313798291176	327	0.025280342008361774	0.004743662832195516	341
wavelet-LLH_glcm_ClusterTendency	0.01930289428879879	0.010003893970695324	287	0.016367640644011694	0.00532160648200762	299
wavelet-LLH_glcm_MaximumProbability	0.017578038731184638	0.009568290127721358	276	0.014616395775757615	0.0047649045106371345	289
wavelet-HLH_glcm_MaximumProbability	0.01898604198553894	0.007052559787599761	298	0.014479486202358113	0.004347930788545874	295
wavelet-HHL_glszm_ZonePercentage	0.028403169973183824	0.012635877535398	321	0.015692633395537905	0.0025746718516212958	301
wavelet-HHL_glrlm_LongRunEmphasis	0.034559862513984296	0.032586777793603965	328	0.017267934597963087	0.003861434210711772	306
wavelet-LLH_glcm_ClusterShade	0.01979257719191767	0.010019914170496145	293	0.01779830728676163	0.007777834802276519	306
wavelet-LLH_glcm_DifferenceEntropy	0.03523839911338717	0.016149265226193553	338	0.030391651288548146	0.013796591297869311	353
wavelet-LHH_glcm_Imc2	0.028103284037666137	0.005439321573969364	327	0.02520288839354537	0.005083148630272762	340
wavelet-LHH_glrlm_HighGrayLevelRunEmphasis	0.024442867057540826	0.0064316343387239355	318	0.022206649319186218	0.005873563978435065	327
wavelet-HLL_gldm_SmallDependenceEmphasis	0.030094327754151776	0.010003657748250735	330	0.01925512886423082	0.0032334764661274907	317
wavelet-LLH_firstorder_Entropy	0.02645470581214179	0.014262695562203996	320	0.022327583086967688	0.009481110475218223	332
wavelet-LHH_glszm_GrayLevelNonUniformityNormalized	0.02609561672977522	0.011883375476574101	319	0.02495524972312334	0.010766202233079277	335
wavelet-LHL_gldm_SmallDependenceEmphasis	0.030568510666210847	0.009483834653508043	331	0.019309064011408472	0.0033532071435517035	317
wavelet-HLL_glszm_SizeZoneNonUniformityNormalized	0.031733753039225474	0.007330995755070532	341	0.022765198476905765	0.003880305712139138	332
wavelet-HLH_glcm_Correlation	0.029503301113504538	0.006220790453417328	336	0.024660003790791488	0.0057741231945653065	337
wavelet-HLH_glcm_JointEntropy	0.026597197452194733	0.013258108284309419	318	0.02228835104566701	0.009616387914087646	324
wavelet-HLH_glszm_LowGrayLevelZoneEmphasis	0.03133099465641224	0.008314559374785382	336	0.030028388369085154	0.008002081004189488	349
wavelet-LLH_glcm_ClusterProminence	0.027037334259102087	0.01257378376205925	322	0.023837956870194504	0.009214475103399684	332
wavelet-LLL_gldm_DependenceNonUniformityNormalized	0.03316792491957356	0.00743551124644922	341	0.02708588025274013	0.007024463237368843	348
wavelet-HHH_glszm_GrayLevelNonUniformityNormalized	0.025471863951625436	0.007660323424901761	321	0.025532706545708196	0.0076531739158511225	345
wavelet-LLH_glcm_Imc2	0.02393328863509071	0.008391862791887611	317	0.02248604509824565	0.007020071829446743	331
wavelet-LLH_glcm_Correlation	0.04665891303230691	0.034480554610799366	347	0.04497266702341917	0.034683662769984275	359
wavelet-HHL_gldm_SmallDependenceEmphasis	0.03371998946741685	0.010766170092390644	342	0.0199335656577859	0.0036109983189112457	320
wavelet-LHL_glszm_SizeZoneNonUniformityNormalized	0.0320987981621973	0.006859744163347086	341	0.02282246193271004	0.0040522748838381474	331
wavelet-LHH_glcm_Correlation	0.02943011890197498	0.005689968099470586	334	0.024015013428220537	0.005313980408667546	334
wavelet-HHL_glszm_SizeZoneNonUniformityNormalized	0.03450328385417799	0.006928506871945086	349	0.023471496406155725	0.004214174251007638	334
wavelet-LLH_glszm_GrayLevelNonUniformityNormalized	0.03836497600880334	0.017572465404545237	351	0.03704706480882262	0.017343781307478292	370
wavelet-LHH_glrlm_ShortRunHighGrayLevelEmphasis	0.03292346338511735	0.006496430626944416	343	0.029535836927314728	0.004500415078845138	355
wavelet-LLH_glrlm_RunEntropy	0.03507513320966071	0.011942925950274614	343	0.03269952748941012	0.009684390319542774	361
wavelet-HHH_glcm_Imc2	0.03423220295240356	0.004707838734488312	351	0.030856917040594366	0.005394672902208963	359
wavelet-HLL_glcm_Correlation	0.03399773783238095	0.013537649825585031	340	0.018475966876501437	0.004672952024374445	312
wavelet-LHH_glszm_LowGrayLevelZoneEmphasis	0.03142306207109963	0.008353197272409924	338	0.030592789916445703	0.008185000578731387	353
wavelet-HHH_gldm_HighGrayLevelEmphasis	0.03853498589984731	0.007387169753748827	363	0.03808917902738707	0.007451157302693577	380
wavelet-HHH_glcm_Autocorrelation	0.039499011998619125	0.0073210267536911655	366	0.038735008946891906	0.007597756332864008	384
wavelet-LLH_glszm_SizeZoneNonUniformityNormalized	0.04843382796199781	0.01914089433736231	369	0.046734872151374646	0.01933004835034052	387
wavelet-LLH_glszm_LowGrayLevelZoneEmphasis	0.03274725268683673	0.016361808296364383	339	0.031807814752961905	0.016237137295224947	354
wavelet-LLH_glrlm_HighGrayLevelRunEmphasis	0.08519999962074559	0.10513049987001037	362	0.08026227511970915	0.10464093065721096	375
original_firstorder_Energy	0.06899577808923459	0.07920193124378797	371	0.0458601811896216	0.038758299242834665	364
original_firstorder_TotalEnergy	0.0689957780892346	0.07920193124378798	371	0.0458601811896216	0.038758299242834665	363
wavelet-HLH_glrlm_RunEntropy	0.03517567117931195	0.006973104516756467	351	0.02848001429572887	0.0037084161161447036	352
wavelet-LLL_glrlm_RunEntropy	0.04132205908636775	0.018312031648403233	359	0.03473534476745846	0.007243556901501085	369
wavelet-LHH_glrlm_RunEntropy	0.035063583099619836	0.006704113983843359	350	0.02812122919195208	0.003676423560407015	350
wavelet-HLH_glszm_GrayLevelNonUniformityNormalized	0.03241824343576088	0.011427829404883278	346	0.030622088260384952	0.01024439178163022	360
wavelet-HLL_gldm_DependenceNonUniformityNormalized	0.04034701816770467	0.008680567294282671	363	0.027446759701216007	0.007052513073227528	347
wavelet-LLL_glcm_DifferenceEntropy	0.05084866607859749	0.0385455867704986	352	0.026593835723030937	0.006436306421385117	342
wavelet-LLL_glszm_ZoneVariance	0.0813581355997679	0.12817397825657362	369	0.046989871312935166	0.03982867624907052	374
wavelet-LLH_glcm_SumEntropy	0.04564373964386994	0.023233667497558886	372	0.03817891910679483	0.014891480129995513	380
wavelet-LLL_glcm_JointEntropy	0.04695038077933605	0.050344693781537816	335	0.024208692239764032	0.007427390319379535	329
wavelet-LHL_gldm_DependenceNonUniformityNormalized	0.04123346085777557	0.008772829292236602	366	0.027610880547729918	0.007233944143863199	348
wavelet-HLH_glszm_SmallAreaLowGrayLevelEmphasis	0.04333022243071787	0.0063531509793967565	367	0.04132586956046465	0.005643062295173779	387
wavelet-HLH_glszm_SmallAreaEmphasis	0.04636220041815423	0.006224783657970832	376	0.04463669652942084	0.0060819787609646915	396
wavelet-HLH_glrlm_ShortRunHighGrayLevelEmphasis	0.03592015103304167	0.007728547284162451	354	0.03085018471906851	0.004657729752070398	359
wavelet-LHH_glszm_SmallAreaLowGrayLevelEmphasis	0.040343834586221206	0.0067533356296582345	365	0.038735220259520475	0.006009602495714557	382
wavelet-LLL_ngtdm_Contrast	0.08052101546413956	0.07642123636575382	380	0.07115234790034661	0.07084071268811301	405
wavelet-HHL_gldm_DependenceNonUniformityNormalized	0.04293026195286817	0.009255675644952343	368	0.027038206816685142	0.0073250030332429415	345
wavelet-LLH_glrlm_ShortRunHighGrayLevelEmphasis	0.05333266047179166	0.03223139639456955	377	0.05048279567439895	0.03167969743676028	396
wavelet-LLL_glszm_ZoneEntropy	0.0478338377682944	0.00717953252914603	379	0.045294590033859	0.00534793519019941	398
wavelet-LHH_gldm_DependenceEntropy	0.053270709764764564	0.009639464144744092	390	0.050339515752920706	0.008995634552939837	407
wavelet-HLH_gldm_HighGrayLevelEmphasis	0.04518812041103811	0.011429004673545712	375	0.03727022468498512	0.006792949149194995	378
wavelet-LHH_glszm_SmallAreaEmphasis	0.04504802972427955	0.006625174919837387	374	0.04345814040936768	0.006358855643894036	394
wavelet-LLL_glcm_SumEntropy	0.042670471543345835	0.029923381050825246	349	0.030932613978983947	0.007190352567364572	356
wavelet-LHH_gldm_HighGrayLevelEmphasis	0.04298567581722672	0.00874204456235584	372	0.0375971111410638	0.006667260296074624	379
wavelet-HLH_gldm_DependenceEntropy	0.05263674046070369	0.008346263849529611	389	0.05042338317549314	0.008646144032321121	407
wavelet-LHL_glcm_Correlation	0.03270847398469554	0.013617967938239661	339	0.017685695941405257	0.004517056378957877	308
wavelet-LLL_gldm_DependenceEntropy	0.04977887216008837	0.007173090001578549	384	0.04651508513520152	0.005134955156247767	401
wavelet-LLL_gldm_DependenceVariance	0.06020238843706602	0.04070587918765097	382	0.04486888336607058	0.014025368568034676	394
wavelet-LLL_firstorder_Entropy	0.04990821045726048	0.030491537210826213	370	0.0362725570451355	0.008529933980037919	373
wavelet-HHH_glszm_SmallAreaLowGrayLevelEmphasis	0.045758749986365914	0.015269379294751573	370	0.04563276102071932	0.015399093775372198	388
wavelet-LLH_gldm_HighGrayLevelEmphasis	0.08337270367878621	0.10366419461245119	370	0.07753084339384894	0.10327657099364622	381
wavelet-HLL_glszm_ZoneEntropy	0.061021349035868075	0.020332712550920156	396	0.05054921912119278	0.005540918930739531	409
wavelet-LLH_gldm_DependenceEntropy	0.055897991655262734	0.02487768890839979	387	0.04765227603585872	0.010601738560544232	403
wavelet-HLL_gldm_DependenceEntropy	0.06197422007679396	0.018007466753741305	398	0.051647932528386425	0.005983019425649019	412
wavelet-LLH_glcm_JointEntropy	0.05768951495645481	0.027960950960543757	389	0.0478799636706766	0.01684554136345623	401
wavelet-LHH_glcm_Autocorrelation	0.04889383474135639	0.011064433332508858	383	0.041213746437712015	0.007401694376808426	390
wavelet-HHH_gldm_DependenceEntropy	0.05972645291107422	0.010151606513188301	400	0.05667826348910944	0.010674412326166087	417
wavelet-HLL_glszm_ZoneVariance	0.24877587525922423	1.275184539034734	411	0.07983452892502768	0.17393192572162405	410
wavelet-LHL_glszm_ZoneEntropy	0.061757754073151636	0.02008056493058624	397	0.05089040159238117	0.005575091390972697	410
wavelet-LHL_gldm_DependenceEntropy	0.06266516639307887	0.017791224628076332	397	0.051930472555171164	0.005986395330324936	412
wavelet-LLH_glcm_Autocorrelation	0.08519136791278777	0.10488051465375503	373	0.07906635505909954	0.10438243094547722	383
wavelet-LLH_glszm_SmallAreaLowGrayLevelEmphasis	0.05370906314021006	0.03563087464604277	375	0.052874989215279125	0.03531784742717052	395
wavelet-HLH_glcm_Autocorrelation	0.053110224469212396	0.014518300333214256	389	0.0420112872385847	0.0077652656472686574	392
wavelet-HLL_gldm_DependenceVariance	0.08188933704322052	0.04930450810012377	408	0.05395353922645061	0.014583967551751282	414
wavelet-HLL_glcm_SumEntropy	0.07594765736745428	0.05460316891657107	389	0.02989183726106456	0.006106929069311035	354
wavelet-HHH_glrlm_RunVariance	0.054890716738282656	0.011465867037223017	387	0.052598646749683176	0.010750034172034191	409
wavelet-HHH_glszm_SmallAreaEmphasis	0.061214530007692905	0.017971185945042975	394	0.061131800090176144	0.018255138885776737	413
wavelet-LHL_glszm_ZoneVariance	0.2184999028099038	0.8918822432380206	412	0.07531829683239252	0.1324363389880561	407
wavelet-HLL_glrlm_RunEntropy	0.07283849760573788	0.041443057912951685	396	0.03656243487540571	0.0067693928783375485	374
original_firstorder_RootMeanSquared	0.18605060513087182	0.7563647309819198	417	0.08549299451680062	0.06773379330089696	420
wavelet-LLH_glszm_SmallAreaEmphasis	0.07215396801041465	0.023416586863457357	404	0.07053423898065446	0.023660549954185178	426
wavelet-LHL_gldm_DependenceVariance	0.08382064771130472	0.047243560945764665	409	0.05447842281150831	0.013881282546705632	414
wavelet-HHH_glszm_LowGrayLevelZoneEmphasis	0.052720816992917696	0.0128338636462161	385	0.05288212405458031	0.012992659632030952	412
wavelet-HHL_gldm_DependenceVariance	0.08803773956126273	0.04635939732227383	414	0.05506005553239726	0.013638533903946978	415
wavelet-LHL_glcm_SumEntropy	0.0765782893717438	0.05174583418705508	397	0.03014557259878255	0.006107551471290013	355
wavelet-HHL_ngtdm_Contrast	0.069371126712774	0.04022875533774131	396	0.03356614051138136	0.018526302248636474	353
wavelet-HLH_glszm_SmallAreaHighGrayLevelEmphasis	0.09625082756031035	0.02752949514016337	423	0.09553014760994133	0.027429518238316793	441
wavelet-HLL_ngtdm_Contrast	0.07391839062000913	0.04228672135715748	401	0.046801353189084446	0.03442358155675899	374
original_firstorder_Mean	0.1889721964122351	0.8395606992655401	417	0.08710894297743162	0.06993512256752141	422
wavelet-HHL_glszm_ZoneVariance	2.2204752391560096	21.446128736598393	430	0.16408333860159105	0.8755843049578457	423
wavelet-HHL_glszm_ZoneEntropy	0.08026800215395362	0.029257154311198134	413	0.055203614201958635	0.006420640568667569	416
wavelet-HHL_gldm_DependenceEntropy	0.08236721924636206	0.028175698206139528	414	0.05624309957869873	0.007763286419326588	418
wavelet-HHH_glrlm_LongRunLowGrayLevelEmphasis	0.07865700358111191	0.01132660958531344	412	0.07770185295077069	0.01145339379220418	431
wavelet-LHL_ngtdm_Contrast	0.07520001084059498	0.04340619038846196	401	0.04644669905058993	0.03234146490138959	375
wavelet-LHL_glrlm_RunEntropy	0.07394498274030287	0.04108142598587188	400	0.03682752730972982	0.007096026664190198	375
wavelet-LLL_glszm_LargeAreaEmphasis	0.14604446160179432	0.1838781322331685	424	0.08623040494553515	0.04913380040425826	431
wavelet-HLL_firstorder_Entropy	0.09775986600150677	0.05900503093360447	415	0.03867704683331982	0.00800531436271504	379
original_firstorder_Median	0.31600931907256025	1.6574175906600435	441	0.14306338581673197	0.1318854902972024	451
wavelet-HLH_glrlm_LongRunLowGrayLevelEmphasis	0.09022766120801833	0.035837642341223885	417	0.0806352584949978	0.02424178677369158	433
wavelet-HHH_glrlm_LongRunEmphasis	0.0922994199882276	0.018734851881643377	421	0.08874700458855668	0.018747829969774792	437
wavelet-HHH_gldm_DependenceVariance	0.10234710664535404	0.014816030534366578	432	0.095260198653512207	0.01407357806150213	443
wavelet-HLL_glcm_JointEntropy	0.1116708735724373	0.09516648771387716	415	0.036061260809711664	0.009315517676156097	375
wavelet-LHH_glszm_SmallAreaHighGrayLevelEmphasis	0.10600830880492831	0.028786186514908805	429	0.10490418337764992	0.02857426667959351	448
wavelet-HLL_firstorder_Skewness	0.11667707139290226	0.04805144506021396	432	0.0872870015120499	0.020532367420770248	439
wavelet-HLL_glcm_DifferenceEntropy	0.10905022906764934	0.06218922783051296	423	0.03883957074954225	0.007870875879826194	381
wavelet-LHL_firstorder_Entropy	0.09974461163615973	0.057754670886519616	416	0.03895410472066182	0.008455033673347028	381
wavelet-LHL_glcm_JointEntropy	0.11257602782743543	0.09021875983971553	415	0.03624429724994857	0.008010093251637514	375
wavelet-HHL_glrlm_RunEntropy	0.10545009458735745	0.05069625042322835	425	0.04117349431610956	0.0074159716565983125	388
wavelet-HLL_glszm_LargeAreaEmphasis	0.36293378259393055	1.4935452322504807	449	0.12876664014631792	0.18730033677790534	443
wavelet-LHH_glrlm_LongRunLowGrayLevelEmphasis	0.09491844308185687	0.03795259477356059	419	0.08485594575089234	0.026398528901350294	433
wavelet-LHL_firstorder_Skewness	0.12278670978937949	0.055753391425471144	435	0.08992655917916173	0.021914587779115306	440
wavelet-HLH_glszm_HighGrayLevelZoneEmphasis	0.12532397862564895	0.03325823749914153	439	0.12011355347634063	0.032008324016757954	455
wavelet-HHL_glcm_SumEntropy	0.11984117978974428	0.06713065349620609	431	0.036555693813823016	0.0063085939753790505	374
wavelet-LHL_glcm_DifferenceEntropy	0.10853770552122423	0.059704713027753674	426	0.03874518500542638	0.008052493028877053	382
wavelet-LLH_glszm_SmallAreaHighGrayLevelEmphasis	0.17085018439255273	0.07258805233721131	456	0.16613225936566406	0.0702754229776239	485
wavelet-LHL_glszm_LargeAreaEmphasis	0.33005751784038273	1.0772205262878445	453	0.12371208582301921	0.14473474023269572	445
wavelet-LLL_firstorder_Skewness	0.09083563265864367	0.06813318045131983	407	0.06203762744209885	0.02700923357090268	415
wavelet-LLL_gldm_LargeDependenceEmphasis	0.17808492605572648	0.13035152415496876	449	0.12154614025530808	0.032661447421545094	457
wavelet-HHL_glcm_DifferenceEntropy	0.13264211491710348	0.06762752651528543	439	0.039410225216702024	0.007416221474805876	383
wavelet-LHH_glszm_HighGrayLevelZoneEmphasis	0.12569224828439854	0.0334127890896397	441	0.12237115966578282	0.03274000231492555	458
wavelet-HHL_firstorder_Entropy	0.1378272584773091	0.06898093267186445	442	0.044125865837362686	0.00840652097212435	395
wavelet-HHH_gldm_GrayLevelNonUniformity	0.1682415984863589	0.049827737596252746	457	0.16551642111197534	0.045251333038890104	484
wavelet-LLH_gldm_DependenceVariance	0.13105746454102024	0.03887627880354494	443	0.12142900828368032	0.028269506439211986	461
wavelet-LLH_glszm_HighGrayLevelZoneEmphasis	0.13098901074734692	0.06544723318545753	445	0.12723125901184765	0.06494854918089979	461
wavelet-HHL_glszm_LargeAreaEmphasis	2.526993382127989	23.436258937655566	467	0.2199480762114506	0.9018486782911017	455
wavelet-HHL_glcm_JointEntropy	0.15628245654520792	0.11146321650175742	443	0.044439976070598436	0.008777055921379293	401
wavelet-LHH_glszm_ZoneEntropy	0.13856083112358616	0.024946222088857738	446	0.13139999534268612	0.021177158109350284	466
wavelet-HLH_glszm_ZoneEntropy	0.14932532532626047	0.023709832418944265	450	0.14047787188776628	0.02021495104153228	472
wavelet-HLH_glrlm_RunVariance	0.13272310828658992	0.05178599464775913	442	0.10234701081520547	0.026350391854124914	448
wavelet-LHH_glrlm_RunVariance	0.11318334601641168	0.047616806942354026	429	0.08789152203117195	0.022761820866802583	437
wavelet-LHH_gldm_DependenceVariance	0.16391593739446486	0.038870354357085454	456	0.14009177369492573	0.02339555737217344	473
wavelet-HLL_gldm_LargeDependenceEmphasis	0.2599234611315959	0.2134067076416612	475	0.14700503558885977	0.037217376764073544	475
wavelet-HHH_glszm_SmallAreaHighGrayLevelEmphasis	0.19235366712968993	0.0570380384869859	468	0.19279977323010752	0.05817765136233812	495
wavelet-LLH_glszm_ZoneEntropy	0.168799161539383	0.03245162774704076	459	0.15739914871364102	0.02269174625493329	482
wavelet-LHL_gldm_LargeDependenceEmphasis	0.26338053882932466	0.19828281282989335	480	0.14747395212004985	0.03440310362582244	477
wavelet-LLH_glrlm_LongRunLowGrayLevelEmphasis	0.8954935370689342	1.125162381398617	546	0.7408657224800913	0.9244591372311319	575
wavelet-HHH_glszm_ZoneEntropy	0.17823710609734472	0.044601960009356824	460	0.17761081512316074	0.043930155347033824	493
wavelet-HHL_firstorder_Skewness	0.11263789713046667	0.03127299802681363	435	0.08779772908117839	0.012398492179395237	439
wavelet-HLH_gldm_DependenceVariance	0.17124359314822657	0.04793411600999627	461	0.1435187535484357	0.027959121057437662	474
wavelet-LLL_glszm_GrayLevelNonUniformity	0.190595609050098	0.15069326178349546	454	0.15699943406295513	0.06396584581740378	472
wavelet-HHL_gldm_LargeDependenceEmphasis	0.29683222107731627	0.24083953601007124	485	0.1541964857580283	0.03591155111564182	483
lbp-2D_firstorder_10Percentile	NA	NA	NA	NA	NA	NA
wavelet-HHH_glszm_SizeZoneNonUniformity	0.2674140789831849	0.07956872791238681	486	0.2640461364672043	0.07640239693586183	526
original_ngtdm_Strength	0.2534608027088758	0.15455525628209724	479	0.20840487139045016	0.08548012691380107	504
original_firstorder_Maximum	0.2794690411799434	0.24688923818800224	483	0.25047861361668755	0.1873800991649155	512
wavelet-HHH_glszm_HighGrayLevelZoneEmphasis	0.21088326797167078	0.05133545458486441	474	0.21152849621832123	0.05197063852812381	512
original_firstorder_90Percentile	0.2731044307207182	0.2607176321449634	473	0.146119879562391	0.08118943461376969	465
original_glcm_ClusterShade	0.24225516986504686	0.2678416633798976	467	0.22828021797808143	0.24973773581169564	494
wavelet-LLL_glcm_DifferenceAverage	0.2635797661853907	0.1855649930418017	474	0.1471280582040929	0.06307950012862334	471
original_gldm_DependenceEntropy	0.4038468041820138	0.268933138585296	518	0.3320888738953857	0.11957843368149274	551
wavelet-LLH_firstorder_Skewness	0.21626149214964802	0.07549143010812438	477	0.2066525352171677	0.06605403160754535	508
wavelet-LLL_glrlm_GrayLevelNonUniformity	0.2550756450786381	0.3293357414611582	460	0.1666772187184335	0.07591755811266704	476
wavelet-LHH_glrlm_LongRunEmphasis	0.21280856045499966	0.08760348663784322	469	0.16373902667589327	0.039494098783088544	485
original_glszm_LargeAreaLowGrayLevelEmphasis	0.2872967146991484	0.15470259571656741	497	0.21828975658088143	0.16187201924027125	501
wavelet-LLH_glrlm_RunVariance	0.3173185946435256	0.3591878644733283	471	0.23239529081192745	0.17604890896039208	494
wavelet-HHH_glrlm_LongRunHighGrayLevelEmphasis	0.31237738341394805	0.06544105190888047	503	0.29938694313807185	0.05807108817358006	543
original_gldm_LargeDependenceLowGrayLevelEmphasis	0.3202519462809887	0.15380131016436407	504	0.2453909164719781	0.16448185009218172	514
wavelet-HLH_glrlm_LongRunEmphasis	0.24981656836166433	0.09385615554461474	483	0.1897701769961459	0.0440545048263579	501
original_glcm_Correlation	0.36806519404468013	0.2480139985523939	499	0.16859807460354276	0.07527165736103972	480
original_glszm_ZoneVariance	0.2553102508306382	0.1437272633153316	485	0.1609023225663103	0.13264185151086075	465
original_glcm_ClusterProminence	0.6316798127831266	3.079252414650177	467	0.25891230459155046	0.7186196535312391	478
wavelet-HLH_firstorder_Skewness	0.3041512191442975	0.06175585935629137	501	0.2815459423182053	0.05758694868864517	536
original_ngtdm_Coarseness	0.40243064214773905	0.1702113375531887	525	0.24057039370585942	0.10642424432550587	515
wavelet-LLL_gldm_GrayLevelNonUniformity	0.3364685285201613	0.5276006065511071	470	0.1921287343278136	0.0970885206752994	487
original_glszm_ZoneEntropy	0.41793542748029416	0.14526922262393555	525	0.3552015815167481	0.0989547948504938	562
wavelet-LHH_firstorder_Skewness	0.33189887315847855	0.07395937248202972	510	0.30924366314169954	0.06818759965432758	543
original_glcm_Imc1	0.34071906685009734	0.2541045783576446	490	0.17639410040191203	0.07300328787128893	484
wavelet-HLH_gldm_LargeDependenceLowGrayLevelEmphasis	0.41675931652233483	0.16003711819928293	528	0.38330493124680226	0.11087637119071299	562
original_glrlm_LongRunLowGrayLevelEmphasis	0.37716100749616516	0.1236014396328279	523	0.31873633097020365	0.13317737434643362	551
original_glszm_GrayLevelNonUniformity	0.42315637443383713	0.2787812875461069	517	0.2794301253324445	0.08830803575541432	529
original_glcm_Imc2	0.32704705934600437	0.27809498829091533	490	0.15201603466014937	0.06690428716386884	471
original_glcm_MaximumProbability	0.4182062126846881	0.136027487707645	531	0.25081249108266424	0.12083975151643893	522
original_ngtdm_Busyness	0.3989596548395141	0.1374447521650143	522	0.33028647546090933	0.12989432709182788	551
wavelet-HHH_gldm_LargeDependenceEmphasis	0.4185666886518272	0.06263099331317891	534	0.37092281161645946	0.0557866860110878	564
wavelet-HLL_glszm_GrayLevelNonUniformity	0.43441727611048364	0.42620622425827775	502	0.25104929985481583	0.13480322681879628	510
lbp-2D_firstorder_InterquartileRange	NA	NA	NA	NA	NA	NA
original_glcm_JointEnergy	0.40996425484391075	0.19305676566544216	532	0.15070586803984273	0.08041530976333391	472
original_gldm_LowGrayLevelEmphasis	0.4208266091620961	0.12110772743653822	533	0.3728255552940231	0.12575333295598493	568
wavelet-HHH_gldm_LargeDependenceLowGrayLevelEmphasis	0.4497152789093253	0.06561333971569756	540	0.44022572154919576	0.06038933230806926	577
original_glrlm_LowGrayLevelRunEmphasis	0.42667418241186666	0.12342869853152198	536	0.37641092506743423	0.12699938239084482	568
original_glcm_SumEntropy	0.3965432127978788	0.27592668805083476	510	0.16845507655877223	0.0775203066788921	479
original_firstorder_Range	0.46442306156016855	0.9531338639132763	507	0.29738947434537877	0.24079450724616766	530
original_glrlm_RunEntropy	0.43542057961905417	0.3218439465986899	519	0.22306190559755645	0.08352165479677397	511
original_firstorder_Uniformity	0.39721722817764554	0.2260885324207854	516	0.1517392360993983	0.06761040767986663	469
wavelet-LLL_firstorder_Kurtosis	0.30108681117127317	0.2844398926999821	475	0.20652218078956497	0.1249874041203515	492
original_glrlm_GrayLevelNonUniformity	0.3131715586574515	0.17407076844827019	494	0.1313901764236429	0.06113130690585459	458
original_glrlm_ShortRunLowGrayLevelEmphasis	0.440031208264129	0.12597208002028157	538	0.39260505565387727	0.12783207608543656	570
original_glszm_LargeAreaEmphasis	0.2917491312466681	0.15280680527715831	498	0.16613188087576095	0.12783143424792384	476
original_glrlm_GrayLevelNonUniformityNormalized	0.40137658089233835	0.20519025053337606	518	0.1530491161572949	0.06768571677522343	471
original_firstorder_Kurtosis	0.2384433590330879	0.10727827317278744	479	0.14971520357897197	0.07349876165346914	470
original_gldm_GrayLevelNonUniformity	0.3099605762340377	0.16781041347697784	490	0.1173497062252893	0.05881265174082215	447
wavelet-HHH_firstorder_Skewness	0.3014260304482055	0.06239998545098737	499	0.28407577860674865	0.0614544099957825	537
wavelet-LHH_glszm_SizeZoneNonUniformity	0.41621624558507947	0.08730163679368855	530	0.4089301133623582	0.08382546121330706	570
wavelet-HLH_glszm_SizeZoneNonUniformity	0.42883080043614796	0.0944131516400348	537	0.422399447762095	0.09251874976485062	575
original_glszm_LowGrayLevelZoneEmphasis	0.44316362287146605	0.13586067367431087	534	0.38461099392015946	0.13470927722204767	565
wavelet-LLH_gldm_LargeDependenceLowGrayLevelEmphasis	1.198746322885649	1.2297459757484037	588	1.0703950409061929	1.148349684302727	606
wavelet-LHH_gldm_LargeDependenceLowGrayLevelEmphasis	0.463519760801	0.1380082535112152	541	0.4250980311534568	0.10601859663920205	575
original_glcm_ClusterTendency	0.43040119203059435	0.7602916929350793	479	0.16247259711276762	0.13452812549921433	468
original_glszm_LargeAreaHighGrayLevelEmphasis	0.3697917347464098	0.23702102689989188	512	0.31192523757559387	0.1860685976545264	543
original_glszm_GrayLevelNonUniformityNormalized	0.4272926614666	0.23675922582275227	523	0.1921696970918421	0.07731253813136718	498
lbp-2D_firstorder_Median	NA	NA	NA	NA	NA	NA
lbp-2D_firstorder_Mean	0.45907420756866013	0.21950525029504936	533	0.4217316256925704	0.1403468554904894	571
original_firstorder_10Percentile	0.6466863091920072	2.0793557134271614	508	0.21463941918756374	0.1569217573636815	493
lbp-2D_firstorder_RootMeanSquared	0.45960954407828064	0.22006593652122147	534	0.4219569495639935	0.1403016860502474	572
original_glszm_GrayLevelVariance	0.45579574834534387	0.7573657330326288	489	0.19058388867290335	0.133536597335015	487
lbp-2D_firstorder_RobustMeanAbsoluteDeviation	0.6539702597999927	0.4411961149609287	559	0.4448318698645182	0.19958676709442885	571
original_glrlm_RunLengthNonUniformity	0.7097654431595767	0.530960120322834	565	0.30430203085397173	0.10456854391204498	541
wavelet-LHL_glszm_GrayLevelNonUniformity	0.43913697094927545	0.39303078340887737	511	0.25342242562120143	0.12840964946404884	515
lbp-2D_firstorder_Kurtosis	0.46251004166048176	0.14558429390821306	540	0.37688361771541623	0.1126534158755242	561
wavelet-LLH_glszm_SizeZoneNonUniformity	0.539384798374178	0.1924105830138304	555	0.53267544945323	0.18899546941841	588
lbp-2D_firstorder_Skewness	0.48609106526963675	0.20788171434623662	545	0.36388907025515543	0.10345809348252112	559
wavelet-HLL_firstorder_Kurtosis	0.45792035376903556	0.3110748843684493	524	0.2627727921363848	0.09013284700451323	526
original_firstorder_Skewness	0.2827467269830401	0.1677333932740505	486	0.16445515476699682	0.0642602852482894	478
original_firstorder_Entropy	0.49918440450509377	0.3363936237678824	536	0.16699282912705318	0.06764128033020246	484
original_glrlm_RunVariance	0.3998334670803604	0.16907477938264912	528	0.21879318283214044	0.11890215047682984	508
wavelet-HHH_glrlm_GrayLevelNonUniformity	0.514544768739827	0.23610611113806548	550	0.44526119175450074	0.1266607387301037	575
original_gldm_SmallDependenceLowGrayLevelEmphasis	0.5002803150175154	0.1462648074918874	545	0.47383692645318887	0.14350873919066787	581
original_glszm_SmallAreaLowGrayLevelEmphasis	0.46040323157656843	0.1373391067413287	538	0.4159558499232036	0.12983064738031638	571
original_firstorder_InterquartileRange	0.5694939312968814	0.5220369722911624	540	0.2501012982882258	0.14277805594852122	516
original_gldm_LargeDependenceHighGrayLevelEmphasis	0.5240598008907299	0.48791701732875636	538	0.426467962615706	0.23295285275852587	566
original_glrlm_GrayLevelVariance	0.5510860430321957	1.0594939152039748	499	0.17647884769545283	0.16665391523903872	472
wavelet-HLL_glrlm_GrayLevelNonUniformity	0.9215764076808987	1.529995385605772	548	0.2739570517897686	0.1662748093763044	517
original_gldm_DependenceVariance	0.4343228212837773	0.17739844847392142	533	0.2715038362829962	0.11976163591660455	525
original_firstorder_RobustMeanAbsoluteDeviation	0.5543705296044832	0.5672598872659395	529	0.19737655743961058	0.130077525164866	487
wavelet-LLH_glrlm_LongRunEmphasis	0.9870729409055646	1.032407223122928	573	0.7647216054234215	0.6954243123137296	589
original_firstorder_MeanAbsoluteDeviation	0.4956028496090451	0.49253659823613083	519	0.150935966818685	0.08606031860196031	470
lbp-2D_firstorder_MeanAbsoluteDeviation	0.5996469790205784	0.44264330085361486	559	0.327550351806789	0.11124043598501164	550
original_firstorder_Variance	0.5882079115445362	1.1756750551285393	508	0.1757025669896718	0.1810516492753777	467
original_gldm_GrayLevelVariance	0.5877434776305692	1.1632526361626012	509	0.1778625004396724	0.18033762442402537	471
original_glcm_JointEntropy	0.6346392929625088	0.3799375719199672	558	0.18994950740314953	0.07750109253208504	495
lbp-2D_firstorder_Variance	0.6259931263121314	0.529573823160881	558	0.31653188545051886	0.1271231041548076	542
wavelet-LHL_firstorder_Kurtosis	0.5424794670554636	0.3974167316308017	538	0.29408092182646883	0.10681986862480224	537
wavelet-HLL_glcm_DifferenceAverage	0.5999345411554495	0.36097001904141934	552	0.2309061072908192	0.10280694868889251	512
original_glrlm_LongRunEmphasis	0.431424325914977	0.19012986753542746	537	0.22150208238515803	0.11902939098257442	513
original_gldm_LargeDependenceEmphasis	0.44391210704866096	0.22925662389060691	532	0.22920494171236994	0.11530316241036194	513
wavelet-HHL_glszm_GrayLevelNonUniformity	0.6423025890548947	0.5083031444119231	558	0.3138253901707931	0.145152431434084	539
original_glcm_DifferenceVariance	0.6852301132532441	1.3173067297059733	504	0.22475864846355376	0.2336026558614879	489
wavelet-HLL_gldm_GrayLevelNonUniformity	1.296522849541772	2.8710357655670316	568	0.33779592612095477	0.2620647223721027	534
wavelet-LHL_glcm_DifferenceAverage	0.6094463553029007	0.37665972821315197	552	0.23064231994530915	0.09988451832649912	514
wavelet-HHL_glcm_DifferenceAverage	0.6485355970699342	0.3859073448329965	560	0.20299083158797535	0.08858080237014394	501
original_glcm_SumSquares	0.6496882384859713	1.2750977265286378	514	0.18083486902002371	0.19258605557990768	469
wavelet-LHL_glrlm_GrayLevelNonUniformity	0.9328553087283009	1.492672348916675	561	0.27526022958342294	0.1534032884181205	522
wavelet-HHH_glszm_GrayLevelNonUniformity	0.724781303006071	0.125889795750959	593	0.7174047318616403	0.12666862697197015	608
original_glrlm_RunPercentage	0.5270856093176243	0.26759347264100464	547	0.25531935008526724	0.11274087748747648	525
wavelet-HHL_ngtdm_Strength	0.8920525178507646	0.5674058587011095	590	0.6409494012870051	0.26999474250321887	596
original_glrlm_ShortRunEmphasis	0.5095750458766928	0.23614912036109215	547	0.25455305014652274	0.10551639677130714	524
original_glcm_Idmn	0.7722347327932554	0.708107597550078	569	0.4360969024447138	0.2702139879375788	568
original_glcm_Idn	0.7310147425381996	0.5029404716873633	571	0.3515021280863467	0.15212196856732643	553
wavelet-LLH_glszm_GrayLevelNonUniformity	0.793121729659562	0.3022855760800134	588	0.7485992973401829	0.25909797133109136	606
original_glszm_SmallAreaEmphasis	0.5792962161494811	0.20712949915822518	561	0.346160962442632	0.09724126339159946	555
wavelet-LLH_glrlm_GrayLevelNonUniformity	0.7605443964550449	0.730425497590347	564	0.6019029773311922	0.33347809419643	588
original_glrlm_RunLengthNonUniformityNormalized	0.5630240674994377	0.28735680549170894	550	0.277005768123794	0.10303831038566956	534
wavelet-LHH_glrlm_LongRunHighGrayLevelEmphasis	0.8155673889112537	0.35951727007984846	590	0.6219166532687362	0.1610233073345597	600
wavelet-LHL_gldm_GrayLevelNonUniformity	1.305157058257403	2.7215037511615443	578	0.33926243931842487	0.2480064745832544	536
wavelet-LLH_gldm_LargeDependenceEmphasis	0.8951195133066299	0.5203045329699452	595	0.7228973129448114	0.19176043107967763	606
wavelet-LHH_gldm_LargeDependenceEmphasis	0.9066049826232526	0.24567556214399644	600	0.6661742972166979	0.10020752662138005	604
original_glszm_ZonePercentage	0.6365938647145917	0.33402535309875614	558	0.2966390374927624	0.11399537696798608	538
wavelet-LHL_ngtdm_Strength	1.1035365364685716	0.47790407175775923	603	0.9421831221863368	0.3861327085299701	613
wavelet-LLH_gldm_DependenceNonUniformity	1.39124681271567	1.523594172068035	606	1.1553958313918786	1.1131594232379507	615
wavelet-LHH_glszm_GrayLevelNonUniformity	0.8983107347933923	0.2402204900101441	601	0.8672281666958408	0.23331079010582167	612
original_glcm_JointAverage	0.8831428731346281	0.8988531242514248	579	0.5282755866887894	0.2940170807574954	583
original_glrlm_LongRunHighGrayLevelEmphasis	0.927083768740131	1.2131195302981581	568	0.5827499596610729	0.42258096727756955	582
original_glszm_SizeZoneNonUniformityNormalized	0.6645681020853594	0.25337430749102396	572	0.39646406905955917	0.09895577083562865	568
wavelet-HLH_gldm_LargeDependenceEmphasis	0.9829941184695503	0.2847336737429241	608	0.7100531098309999	0.11662495821072764	608
wavelet-LHH_gldm_GrayLevelNonUniformity	0.9545652699879553	0.6998718120190287	597	0.7625929717921908	0.3741567505994794	607
wavelet-HLH_glrlm_LongRunHighGrayLevelEmphasis	1.0021820836512672	0.40800883792682324	605	0.7463122572705279	0.18974960927719606	608
wavelet-HHL_glrlm_GrayLevelNonUniformity	1.4400671141342432	2.483189308530976	599	0.35787038094418167	0.19725456306592642	549
original_gldm_DependenceNonUniformity	1.453425780969528	1.093811121424321	615	0.6466243466162536	0.20515349604868646	599
original_glszm_SizeZoneNonUniformity	1.0870939457950861	0.6133962039273471	602	0.5358814769907165	0.12894708935504753	591
original_gldm_SmallDependenceEmphasis	0.7084971976878531	0.3730461721245338	570	0.3403906520783739	0.10987361474460605	553
original_ngtdm_Complexity	1.3910499698822714	3.8115081247170877	574	0.4587166937294504	0.8165526540796946	539
wavelet-HHL_firstorder_Mean	1.2280351312175446	0.5957822870369642	615	1.2411670527894025	0.6028116246998655	625
wavelet-HLH_glszm_GrayLevelNonUniformity	0.9455242247888059	0.25888098456615344	605	0.9218722891638396	0.24796830939968698	616
original_ngtdm_Contrast	0.7806409342270659	0.8676554395287468	546	0.3399979047391899	0.21698252618234257	539
wavelet-HHL_firstorder_Kurtosis	0.5230584591424329	0.3040870139320386	535	0.2906437000262791	0.0747067241299319	536
original_glszm_HighGrayLevelZoneEmphasis	1.2030077789947677	2.1276928496646246	581	0.687038840977949	0.804209931973159	590
wavelet-LLH_ngtdm_Busyness	18.532880893478605	32.871036333274674	606	17.431464548944195	30.476855096956417	624
wavelet-HLL_ngtdm_Strength	1.0534704339453447	0.4716214901915249	606	0.9158268630843904	0.4082548696874343	612
original_glcm_InverseVariance	0.8418282197157956	0.4789773911653859	584	0.2928835697209359	0.0965258351773971	542
original_glcm_Idm	0.78487946421673	0.4724116286579582	574	0.22930035379951141	0.0977133306872502	513
original_glrlm_HighGrayLevelRunEmphasis	1.287642459099405	2.37852358953012	586	0.7092341824220483	0.8929383940846433	590
wavelet-HHL_gldm_GrayLevelNonUniformity	2.000429168114732	4.56859279566723	613	0.44562885810483477	0.3384605738798584	565
original_firstorder_Minimum	1.0567930042587412	2.184023855114691	584	0.5552610033436199	0.38569147004418464	583
wavelet-HLH_firstorder_Kurtosis	1.2708951836436402	0.5313689686487195	618	1.118884203936921	0.4117976285535959	622
original_gldm_HighGrayLevelEmphasis	1.3162115794062317	2.4073082668728643	590	0.7134007071747658	0.8679948119747586	591
original_glcm_Autocorrelation	1.3466080467232597	2.6387467749489533	585	0.7510354519653321	0.9082289038840358	591
original_glrlm_ShortRunHighGrayLevelEmphasis	1.3855900434745605	2.840354456773557	587	0.7413983702270031	1.0699218397584482	592
original_glcm_Id	0.8166936018503657	0.5033926554653483	575	0.22674613857073156	0.09629243872582748	507
wavelet-LHH_glrlm_GrayLevelNonUniformity	1.0863077562832262	0.9326345342933494	602	0.7508958464097543	0.3005102070875885	603
original_glszm_SmallAreaHighGrayLevelEmphasis	1.249447648422343	1.9662996596546767	590	0.6911653558235316	0.7307435398232481	590
wavelet-HHH_glrlm_RunLengthNonUniformity	1.367010844653643	0.5138965139124596	624	1.1916585072858434	0.26457243509631156	626
wavelet-LHH_firstorder_Kurtosis	1.4729519826152417	0.6710498131856105	624	1.2790104628015821	0.5029070836501688	629
wavelet-HLH_gldm_DependenceNonUniformity	1.359940513494788	0.8506064080304265	616	1.1270065817532235	0.47592757382185147	620
original_glcm_DifferenceEntropy	0.7543237185693724	0.518597220785776	564	0.1825112435707017	0.08999709620334141	483
wavelet-HLH_glrlm_GrayLevelNonUniformity	1.102620651694901	0.9276665171871693	603	0.7643963479438666	0.30406479722298824	606
wavelet-LHH_gldm_DependenceNonUniformity	1.398631279895131	0.8208865594422476	618	1.1811227283270773	0.44476661470876666	623
wavelet-HHL_glcm_JointAverage	1.5090629021867485	0.7513021856835463	622	1.1843322553702116	0.38740066674308365	626
wavelet-LLH_firstorder_Kurtosis	1.0338080991231768	0.6593066200255437	605	1.0072232875965754	0.6230693844215343	616
wavelet-LLL_ngtdm_Strength	2.5164220545018976	1.3481749112817862	640	2.292907275337112	1.1096771658249491	649
original_gldm_DependenceNonUniformityNormalized	1.096318261892867	1.0027759689707951	595	0.4873239782711018	0.21743287997572996	579
wavelet-HHH_gldm_LargeDependenceHighGrayLevelEmphasis	1.8333772501954115	0.2957268480442808	638	1.6998542281645026	0.2273451552484424	644
original_glcm_Contrast	1.2375555125105635	2.546384696609012	565	0.2838106500001868	0.3935808011194594	495
wavelet-LLH_glrlm_RunLengthNonUniformity	0.9581032993779031	0.7434952231502027	600	0.8039809150357833	0.4657903112669269	608
wavelet-LLL_glcm_JointAverage	1.4561762965337126	0.6438252004554978	623	1.2419946431477713	0.41148311401954973	627
wavelet-HLL_firstorder_RootMeanSquared	2.38584688316558	1.7156827368599272	638	1.9547550668809843	1.0496237301417317	644
wavelet-LHL_firstorder_Mean	1.9443869268707306	1.236614272068624	633	1.7148920888591088	0.8635237529304309	638
wavelet-HLL_glcm_JointAverage	1.5383055658613312	0.6922071691623537	626	1.3347585757623994	0.48240360999888987	630
wavelet-LHL_glcm_JointAverage	1.539117929851989	0.6675917296375199	625	1.3676542226795094	0.46531016510042084	632
original_gldm_SmallDependenceHighGrayLevelEmphasis	1.761425150719339	4.120591466208856	600	0.8434835396997368	1.4695455348016335	597
wavelet-HLH_gldm_GrayLevelNonUniformity	1.2987140799822416	0.7511331923094766	619	0.9933080840198366	0.4134309237529113	619
wavelet-LHL_firstorder_RootMeanSquared	2.2142163884517707	1.2637750138642179	637	1.9141222956486563	0.9872798959352217	645
original_glcm_DifferenceAverage	1.1030442254995194	1.1298396741097545	589	0.23175004223108092	0.1534798199339203	498
wavelet-HHH_gldm_DependenceNonUniformity	2.07076159606815	0.6215301402781352	639	1.949556569503042	0.5163969304383231	646
wavelet-HLH_ngtdm_Busyness	2.420781839046688	2.106738583031708	636	1.8199295326586264	1.3549369064054289	635
wavelet-HHL_firstorder_RootMeanSquared	2.302499570750957	1.6656448545048967	636	1.4060137003733761	0.7519071108083992	629
wavelet-HLL_firstorder_Mean	2.282464555248373	2.028899747939023	634	1.7589560269267854	0.9142742066229456	638
wavelet-LLH_glrlm_LongRunHighGrayLevelEmphasis	3.329474380345697	4.119501050870501	634	2.836028575797669	3.6744603165197387	634
wavelet-LLL_glrlm_RunLengthNonUniformity	3.0358702882839825	3.5306783374782698	638	1.8836562902850358	0.8806392021034269	641
wavelet-HHH_firstorder_Kurtosis	1.2484882189644653	0.5179290435573655	619	1.0569105044463785	0.3630714662484188	622
wavelet-LHH_ngtdm_Busyness	2.5891881814328066	1.8675125462603228	639	2.07870457476354	1.2760955180962619	643
wavelet-LHH_glrlm_RunLengthNonUniformity	2.5783741816335364	1.663829035354179	642	1.9141051416470487	0.6244260464251483	643
wavelet-HLH_glrlm_RunLengthNonUniformity	2.6325587357436833	1.6606548639646437	643	1.939382365156615	0.6696876780652888	645
wavelet-LLH_gldm_GrayLevelNonUniformity	2.445429107913636	2.194313337245713	638	1.9105624111244712	0.9707967271532947	643
wavelet-HLL_glrlm_RunLengthNonUniformity	4.427502694542311	6.981525390695557	648	2.1277833004307474	0.9430569316893166	647
wavelet-HHL_firstorder_Median	3.9084886246107007	1.4520248249544834	655	3.8963337502163222	1.4818767778262072	676
wavelet-LHL_glrlm_RunLengthNonUniformity	4.469071862492854	6.706994550378664	649	2.1277450079113818	0.9299389181264202	647
wavelet-LHH_gldm_LargeDependenceHighGrayLevelEmphasis	3.6808945062436216	1.1631817651880463	652	2.7642576910832055	0.4972684627130339	662
wavelet-HHL_glrlm_RunLengthNonUniformity	5.071605505457984	8.188795923468094	651	2.1914375518209313	0.9191777895124288	651
wavelet-LLL_glcm_DifferenceVariance	4.0027303263485035	4.634370700856262	645	2.691225334518113	1.8710867834965403	653
wavelet-HHL_glcm_DifferenceVariance	4.57485046532527	4.108206184143028	651	2.0338176226484204	1.3970489980225258	641
wavelet-LLH_gldm_LargeDependenceHighGrayLevelEmphasis	4.645640465439568	5.0738800264171875	648	4.260313242806428	4.886668814814927	659
wavelet-LHL_firstorder_Median	4.969945084033569	1.7025932105702186	671	4.779717615913804	1.7503141969120681	686
wavelet-HHH_ngtdm_Busyness	4.561957986048614	1.891326735047252	667	4.465185360551655	1.7746777241941942	683
wavelet-HLL_glcm_DifferenceVariance	4.9440152549703456	3.6550883885901975	654	3.2037378317716243	2.1313139001834607	659
wavelet-HLH_gldm_LargeDependenceHighGrayLevelEmphasis	4.159296069013556	1.3745138197037499	659	3.0198730699229293	0.541397403226583	667
wavelet-HLL_firstorder_Median	5.270833716972883	2.156880601503751	670	5.0466837032454315	2.135772163881728	687
wavelet-LLL_glcm_SumSquares	6.658501639994796	4.8863714457161995	668	5.217492891874943	3.1132373589546747	686
wavelet-LHL_glcm_DifferenceVariance	5.065425909458923	3.917433592916299	655	3.311238877519738	1.9964584666432725	664
wavelet-LLL_gldm_GrayLevelVariance	6.848729805634295	5.227399980326557	669	5.412180598641754	3.1643874963241325	687
wavelet-LLL_glrlm_GrayLevelVariance	6.898996539039514	5.29330667701637	670	5.509883227627283	3.191093027375797	690
wavelet-LLL_firstorder_MeanAbsoluteDeviation	5.655865395084948	3.4999991892846105	669	4.330593663505095	1.8389332245007741	683
wavelet-HLL_glszm_GrayLevelVariance	5.578923915783674	4.236111381771588	665	3.297665013937776	2.050041934819923	663
wavelet-LLL_glcm_Contrast	7.445110529383577	6.354984125905403	671	5.111188193319075	3.4386402570102113	683
wavelet-LLL_firstorder_RobustMeanAbsoluteDeviation	5.381912890265324	2.8921891435953833	668	4.213740943787646	1.6172157596872903	681
wavelet-HLL_glrlm_GrayLevelVariance	5.452263009494815	4.268711799527204	663	2.9008350804112046	1.9695232294952127	658
wavelet-LLL_glszm_GrayLevelVariance	7.770558939415124	5.546292461783413	678	6.493413502933334	3.468365771820389	694
wavelet-HLL_gldm_GrayLevelVariance	5.474311643476202	4.264034190757727	663	2.8495248833975495	1.9592536215050644	656
wavelet-HLL_glcm_SumSquares	5.551966681613679	4.384069207513829	663	2.794683218848825	1.9474714254511898	655
wavelet-LHL_glszm_GrayLevelVariance	5.717690158780746	4.513398271708945	664	3.3501929265247603	1.8434201242479495	666
wavelet-LHL_glrlm_GrayLevelVariance	5.596794913285284	4.564532038993399	661	2.913187439961406	1.7762948464770747	659
wavelet-LHL_gldm_GrayLevelVariance	5.638422758356525	4.555897876894264	662	2.855677473283121	1.7668132197740547	657
wavelet-HHL_glszm_GrayLevelVariance	5.964776015807565	5.245125519981194	666	2.410878645627751	1.614501957403312	652
wavelet-LHL_glcm_SumSquares	5.712343631376562	4.6545624021644665	664	2.8335285176087712	1.7807652212379543	656
wavelet-LLL_glszm_SizeZoneNonUniformity	6.550089941224716	4.643008247229426	675	4.746500829966089	1.2886938125360226	685
wavelet-HHL_glrlm_GrayLevelVariance	5.905105017227055	5.177260279867109	664	2.226030755202436	1.6003930880280424	647
wavelet-LLL_gldm_DependenceNonUniformity	6.212583839681174	3.964009098190906	676	4.471250647967241	0.8809860840350001	685
wavelet-HHL_gldm_GrayLevelVariance	5.896529390802937	5.147659218893994	663	2.1968340341589063	1.595977949177817	645
wavelet-HHL_glcm_SumSquares	5.945721598798324	5.217790553369492	665	2.202122037008067	1.6429321796200829	641
wavelet-HLL_firstorder_RobustMeanAbsoluteDeviation	7.069597917676728	4.245850222039549	681	3.1206612268845233	1.2956202059084396	665
wavelet-LLL_firstorder_RootMeanSquared	10.896298977631394	13.103864469645343	689	6.268847822128842	3.036095443003133	694
wavelet-HLL_firstorder_MeanAbsoluteDeviation	8.291678486433543	5.634431028013968	685	3.419149708746316	1.5488452630055844	669
wavelet-HLL_glcm_ClusterTendency	9.08742273884988	6.811535515054172	688	5.163446574966284	3.540730077759008	684
wavelet-LLL_firstorder_Mean	10.830313238191874	13.064446825231158	690	6.463287093449552	3.1070234321718093	696
wavelet-HLL_gldm_DependenceNonUniformity	7.887020551054919	5.722181069126276	683	4.558287648922944	0.9701239015856931	686
wavelet-HLL_glszm_SizeZoneNonUniformity	8.719826819340108	7.603603830793567	685	5.028930118939775	1.2627503571065648	690
wavelet-LHL_gldm_DependenceNonUniformity	8.0305022452448	5.673598384744062	683	4.568373310513838	0.9340888274365041	687
wavelet-LHL_glszm_SizeZoneNonUniformity	8.829078280762872	7.521338019314192	687	5.02570741944464	1.2245912428139583	690
wavelet-LHL_glcm_ClusterTendency	9.224236845749987	7.115601500971002	689	5.184872184661377	3.0930349765505274	686
wavelet-LHL_firstorder_RobustMeanAbsoluteDeviation	7.565482711412926	4.445519341513645	682	3.1237556221594427	1.2586056862008619	665
wavelet-HHL_gldm_DependenceNonUniformity	8.405667015115352	5.980549186618937	687	4.462848726873864	0.9293095115485001	684
wavelet-LLL_firstorder_Median	13.782686526764717	11.826989456208633	701	10.083727044066073	3.757397886522047	709
wavelet-HHL_glszm_SizeZoneNonUniformity	9.55256497702151	8.191008887110362	691	5.0788651081189995	1.1935663855124483	691
wavelet-LHL_firstorder_MeanAbsoluteDeviation	8.69379018049769	5.88101859551436	687	3.4512256450787313	1.5379413565338103	670
wavelet-HHL_firstorder_RobustMeanAbsoluteDeviation	8.508190015082361	4.601044623680815	688	3.0775840350828894	1.250581371587935	664
wavelet-HHL_glcm_ClusterTendency	10.426711442757208	9.074027301574246	690	4.085229186330006	3.0094876714048855	670
wavelet-HHL_firstorder_MeanAbsoluteDeviation	10.748033141046736	6.464232910847329	696	3.5230252948120087	1.5420347477528047	672
wavelet-HLL_firstorder_90Percentile	15.294269433855701	7.7229885731843275	704	10.129604354615761	3.7829742257830916	709
wavelet-LLL_firstorder_90Percentile	20.224782593257334	13.2532368420456	711	15.417224739271603	5.529306219263162	715
wavelet-HLL_glcm_Contrast	13.855320467327399	11.161101961195564	700	6.719379548363354	4.764889111106115	695
wavelet-HHL_glcm_Contrast	13.40663097733951	11.800066626852553	697	4.810382922856998	3.611304559494489	680
wavelet-LHL_firstorder_90Percentile	15.951995430242114	8.270402849334474	705	10.127509358905895	3.451245087433997	709
wavelet-LLL_glcm_ClusterTendency	21.514343769769805	14.634907784750432	708	17.942210839481465	10.609288123146309	715
wavelet-LHL_glcm_Contrast	14.107330834320768	11.686165458010796	700	6.747618106112007	4.379399058593911	696
wavelet-LLL_firstorder_10Percentile	17.780050342093094	14.48573938434058	707	13.153153053226443	4.74087613834734	713
wavelet-LLL_firstorder_InterquartileRange	17.092616418058324	7.051655600687104	708	14.266644367065043	4.760035723803572	714
wavelet-HHL_firstorder_10Percentile	18.490641259461256	10.042247813150238	709	8.30062758902846	3.010764412002928	702
wavelet-LHL_firstorder_10Percentile	18.651182990904577	10.172150394059523	710	8.952587942723422	3.270701732335762	705
wavelet-HLL_firstorder_InterquartileRange	19.23015008798367	9.947162474320848	711	9.893876204843174	3.8345951611096294	708
wavelet-HLL_firstorder_10Percentile	18.61625844608465	10.084781417510232	709	8.82859630185123	3.2596318490352014	704
wavelet-HHL_firstorder_90Percentile	19.12174143153885	10.312667880351164	710	8.016040277786749	3.080835673358008	701
wavelet-LHL_firstorder_InterquartileRange	20.39883632191439	10.378074982238886	713	9.830258744169985	3.5570250489024953	708
wavelet-HHL_firstorder_InterquartileRange	21.644301808549606	10.940987084133793	714	8.997824780761432	3.4465628162270554	705
wavelet-HLH_glszm_LargeAreaLowGrayLevelEmphasis	64.52061746319438	121.92191535553042	715	62.52879731611869	119.96476021620806	716
wavelet-HHL_firstorder_Minimum	37.63736031637154	18.73210326888776	721	29.55242664114138	9.668738366237884	721
wavelet-LHH_glszm_LargeAreaLowGrayLevelEmphasis	63.263459488932284	122.76689195367824	715	61.849609413124185	122.23319765869317	716
wavelet-LHL_firstorder_Maximum	37.00061786929642	16.844286871428626	722	33.8213440068987	12.2958295239258	725
wavelet-HLL_firstorder_Maximum	36.10967995863053	15.21896297504489	721	32.74758292621905	11.729313917216771	724
wavelet-HHL_firstorder_Maximum	39.10044102975284	19.335196577405203	723	30.111683406301683	9.940116879788802	721
wavelet-HLL_firstorder_Minimum	38.628067496732335	17.728197507381925	723	33.25636902095692	12.071398030267284	725
wavelet-LHL_firstorder_Minimum	38.54817077280205	17.036367641755234	724	34.07176665777172	11.654487902984744	725
wavelet-LLL_firstorder_Minimum	38.962452547415694	22.91830898422066	722	31.279557892280067	10.639136126171572	723
wavelet-LLL_firstorder_Maximum	45.88578320097179	31.792282631014405	726	39.243598209335545	16.198062708264494	729
wavelet-LLL_firstorder_Range	54.75945217683393	26.681105351828116	735	50.4106804122966	19.201725695752376	739
wavelet-HHL_firstorder_Range	64.96064105670489	37.4049254526113	743	45.9318986853062	15.805272313272528	737
wavelet-LHL_firstorder_Range	58.519095492349386	29.385181286429365	740	50.59476940368023	17.88758361405196	741
wavelet-HLL_firstorder_Range	58.11053175591503	29.13252612031061	737	48.85181563835267	17.85773937122539	740
wavelet-HHL_gldm_SmallDependenceHighGrayLevelEmphasis	58.170344427812495	42.64395675192324	731	41.047853018485455	24.471155139918366	726
wavelet-HHL_glcm_Autocorrelation	59.59609692730657	40.07058302625521	732	48.182634738800985	26.55006021560719	734
wavelet-HLH_glszm_ZoneVariance	116.21011343813134	181.347402893982	739	108.10122036297513	177.4743955985876	740
wavelet-HHL_glszm_SmallAreaHighGrayLevelEmphasis	61.02854666895666	43.92226327272499	733	45.01257334204319	25.73459043947789	729
wavelet-HHL_glrlm_ShortRunHighGrayLevelEmphasis	63.42036539135261	44.79823676736963	736	47.97957325007908	26.9206178574937	734
wavelet-HHL_gldm_HighGrayLevelEmphasis	64.24716607487919	45.03558179115134	738	49.26084030744464	27.33225644321835	737
wavelet-HHL_glrlm_HighGrayLevelRunEmphasis	64.27957954913605	45.05835139626812	739	49.26598147792287	27.318550100609997	737
wavelet-HHL_glszm_HighGrayLevelZoneEmphasis	64.45878245851237	45.10204868139977	740	49.41041529939092	27.25922728167743	738
wavelet-HHL_glrlm_LongRunHighGrayLevelEmphasis	69.40430396479816	45.57227389531954	745	55.9525546273418	28.839912098671853	745
wavelet-LLL_gldm_SmallDependenceHighGrayLevelEmphasis	80.00295319083487	39.4305893635435	747	69.72204634987715	35.151952588040984	750
wavelet-LLL_glszm_SmallAreaHighGrayLevelEmphasis	83.32448331539521	40.49124055824753	751	74.58573624401431	36.11051321796876	752
wavelet-HLH_glszm_LargeAreaEmphasis	148.66364418272923	226.0425331329455	750	140.19652209994345	222.91214163127026	749
wavelet-LLL_glcm_Autocorrelation	85.16802471776978	42.23903580400465	753	75.43835263755295	36.97115660818073	754
wavelet-LLL_glrlm_ShortRunHighGrayLevelEmphasis	85.70712928680314	42.077264833216574	754	75.88566249606285	36.77948494642333	753
wavelet-LLL_glszm_HighGrayLevelZoneEmphasis	87.36374395522007	42.178604774537256	757	78.63436979946987	37.28456899310549	760
wavelet-LHH_glszm_ZoneVariance	101.49085158968116	174.6159841545772	733	95.42124579194626	173.53236475158445	734
wavelet-LLL_glrlm_HighGrayLevelRunEmphasis	87.0985640490301	42.598878874899675	756	77.37957012326726	37.2295296263866	758
wavelet-LLL_gldm_HighGrayLevelEmphasis	87.25849827061913	42.73459310354478	757	77.23031997892946	37.24972981636402	757
wavelet-LLL_glrlm_LongRunHighGrayLevelEmphasis	95.14700600158207	45.15789063823833	762	86.00191591130644	39.75083365305385	763
wavelet-HLL_gldm_SmallDependenceHighGrayLevelEmphasis	73.53840030217756	45.5373404578639	745	62.692348216773205	38.79524304618288	744
wavelet-LHH_glszm_LargeAreaEmphasis	132.47570577792405	219.11747882722136	744	126.02473685955968	218.62976478813334	745
wavelet-HHL_glszm_LargeAreaHighGrayLevelEmphasis	211.98491957790074	888.0745168821333	765	100.52379832956711	57.92362260420252	764
wavelet-LHL_gldm_SmallDependenceHighGrayLevelEmphasis	77.04000570297626	44.99779733043262	746	66.08027286667318	36.52511123655963	746
wavelet-HLL_glszm_SmallAreaHighGrayLevelEmphasis	77.37674486727265	47.45231619305869	747	67.67003374802458	40.39824908772004	748
wavelet-LHL_glszm_SmallAreaHighGrayLevelEmphasis	80.52506910546404	46.24173610084012	750	71.43053193846282	38.14417996459908	750
wavelet-LLL_glszm_LargeAreaHighGrayLevelEmphasis	150.83602336877317	86.23940760915676	772	137.70236298981226	64.52246464739714	773
wavelet-HHL_glcm_ClusterShade	48.18433259020055	41.32292187737114	721	47.708732791755104	40.96895187292272	723
wavelet-HLL_glrlm_ShortRunHighGrayLevelEmphasis	80.79032849508457	49.308519309188185	751	70.95391351263322	41.93714082340639	751
wavelet-HLL_gldm_HighGrayLevelEmphasis	82.28113152805054	49.95396423654847	754	72.55845179675444	42.50278285557935	754
wavelet-HLL_glrlm_HighGrayLevelRunEmphasis	82.27134762484877	49.94979720165076	753	72.61816520960826	42.49716520825199	754
wavelet-HLL_glcm_Autocorrelation	79.26479850468495	47.924309225272516	751	71.51703856282397	41.967090215027326	752
wavelet-HLL_glszm_HighGrayLevelZoneEmphasis	82.51271469694566	49.89479827461417	755	73.07947580938959	42.472482762203164	756
wavelet-LHL_glrlm_ShortRunHighGrayLevelEmphasis	84.07569139430481	48.117438488215846	752	74.97108960535401	39.796363052745946	752
wavelet-LHL_gldm_HighGrayLevelEmphasis	85.71282378377528	48.85568310213749	755	76.73345443113115	40.46303889539813	755
wavelet-LHL_glrlm_HighGrayLevelRunEmphasis	85.71765236267873	48.83960795054111	754	76.80634836348351	40.45160050291544	755
wavelet-LHL_glcm_Autocorrelation	82.66943772763688	46.67869528652446	751	75.62295271627958	40.161051242998695	752
wavelet-LHL_glszm_HighGrayLevelZoneEmphasis	86.0180428180932	48.75997519988291	756	77.31134325546604	40.402855604630155	757
wavelet-LLH_glszm_LargeAreaLowGrayLevelEmphasis	813.6096857674899	1371.8648760772633	781	770.9201125251487	1330.0607088014415	781
wavelet-HHL_gldm_LargeDependenceHighGrayLevelEmphasis	134.68977787930385	62.16210019158718	770	115.92404329921362	44.10790694525447	770
wavelet-HLL_glrlm_LongRunHighGrayLevelEmphasis	91.15555736700603	52.580605221650885	760	81.76441137916565	44.89755583165558	759
wavelet-LHL_glrlm_LongRunHighGrayLevelEmphasis	96.92936237019207	53.912141583297625	761	87.18542890023782	43.74167222642221	762
wavelet-LLL_gldm_LargeDependenceHighGrayLevelEmphasis	196.5903399566655	103.15011688189452	777	184.1852109747399	87.82870603045944	778
wavelet-LHL_glcm_ClusterShade	159.66462107985643	142.98861686056506	770	148.74616423616382	119.2290083059739	772
wavelet-HLL_glcm_ClusterShade	158.525642084602	167.24004931294925	768	145.14937448495928	133.14267198060847	771
wavelet-HHH_glszm_ZoneVariance	275.4561520354754	578.3440155111598	762	271.85665088128883	547.0437523483166	768
wavelet-HLL_glszm_LargeAreaHighGrayLevelEmphasis	166.76935771383486	104.03993243801027	774	134.47187431706072	59.12991231145298	774
wavelet-LHL_glszm_LargeAreaHighGrayLevelEmphasis	205.44909835561498	176.96207486147037	775	150.2177440587559	73.14654955114041	775
wavelet-HHH_glszm_LargeAreaLowGrayLevelEmphasis	509.7406824368611	1352.0396098530732	774	501.88993781829055	1305.2468156158038	778
wavelet-HLL_gldm_LargeDependenceHighGrayLevelEmphasis	197.64726049399965	96.31435789678505	777	172.07366948688983	74.16353903173356	778
wavelet-HLH_glszm_LargeAreaHighGrayLevelEmphasis	514.2081871666238	724.8736280945061	783	479.0547691279312	714.5659155208261	783
wavelet-LHL_gldm_LargeDependenceHighGrayLevelEmphasis	232.7246181296642	152.53846240863595	778	191.4616708538984	90.3997756961704	778
wavelet-HHH_glszm_LargeAreaEmphasis	784.0790333062746	2134.488574793024	780	773.8996322135216	2063.726531970618	782
wavelet-LLH_glszm_ZoneVariance	527.9887833360893	766.4799903995644	780	480.47673573102446	725.2733424665055	781
wavelet-LHH_glszm_LargeAreaHighGrayLevelEmphasis	439.9461068958834	687.0958386568846	780	412.4383105811885	679.4267513521316	781
wavelet-LLL_ngtdm_Complexity	468.5251024409257	304.3036255358825	785	377.1268435034312	220.78541509211823	786
wavelet-LLH_glszm_LargeAreaEmphasis	1109.5947216684801	1886.5159972643453	785	1036.2396788650478	1789.4353782902247	787
wavelet-HHL_ngtdm_Complexity	416.6454278371362	447.96109473251823	782	173.9704173564452	149.97443243495718	774
wavelet-LHL_ngtdm_Complexity	498.6253186101719	444.78460114087903	786	264.869247450044	178.3426614018038	782
wavelet-HLL_ngtdm_Complexity	487.92404960073895	431.2665826834109	785	267.32511068584284	202.16305924079816	783
wavelet-LLL_glcm_ClusterShade	1051.4907863385945	1137.7284247022762	789	849.8768197543216	681.1003653294117	789
wavelet-HHH_glszm_LargeAreaHighGrayLevelEmphasis	1996.971845048948	5393.818995817974	787	1980.5134171727907	5237.013675482839	788
wavelet-LLH_glszm_LargeAreaHighGrayLevelEmphasis	2639.795167624654	4962.6221052013825	790	2453.7295110194627	4677.551944752534	790
wavelet-LLL_firstorder_Variance	4271.595924641708	3268.108053947314	795	3372.1011297056975	1978.3630124171457	796
wavelet-HLL_firstorder_Variance	3416.8225343414397	2666.3179032359963	793	1774.5831156295774	1225.2071004570714	793
wavelet-LHL_firstorder_Variance	3520.115814047308	2848.6495669970263	793	1778.2086282181556	1105.018673576808	793
wavelet-HHL_firstorder_Variance	3683.072015553177	3218.031485619037	794	1368.0363979200897	997.616909666201	791
wavelet-HHL_glcm_ClusterProminence	6984.4439404195855	9682.658053929765	795	4086.04270357343	5184.564871416286	795
wavelet-LHL_glcm_ClusterProminence	14065.281469781297	15858.383227401782	798	11839.441969476044	13709.823845988696	798
wavelet-HLL_glcm_ClusterProminence	13471.677499510708	14762.7423468397	797	11478.594602750829	13702.841028607167	797
wavelet-LLL_glcm_ClusterProminence	127653.34190420627	183490.0581204454	799	100382.63744514572	115693.0637642662	799
wavelet-HLL_firstorder_Energy	911469.2143927824	765114.8797235694	802	700302.8323379445	382573.6670460348	802
wavelet-LHL_firstorder_Energy	841060.0506465319	654752.3687743867	802	673856.1243900158	351403.0163061261	802
wavelet-HHL_firstorder_Energy	866851.1436063092	787660.074625343	801	475193.16124990955	275492.6982714853	800
wavelet-HLL_firstorder_TotalEnergy	3645876.8575711297	3060459.5188942775	805	2801211.329351778	1530294.6681841393	806
wavelet-LHL_firstorder_TotalEnergy	3364240.202586128	2619009.475097547	805	2695424.4975600634	1405612.0652245043	805
wavelet-HHL_firstorder_TotalEnergy	3467404.574425237	3150640.2985013714	805	1900772.6449996382	1101970.793085941	804
wavelet-LLL_firstorder_Energy	6567037.518127066	18155290.5631656	805	2771758.5618839655	1911997.1205209165	805
wavelet-LLL_firstorder_TotalEnergy	26268150.072508264	72621162.2526624	807	11087034.247535862	7647988.482083666	807
lbp-2D_firstorder_90Percentile	NA	NA	NA	NA	NA	NA
lbp-2D_firstorder_Entropy	NA	NA	NA	NA	NA	NA
lbp-2D_firstorder_Maximum	NA	NA	NA	NA	NA	NA
lbp-2D_firstorder_Minimum	NA	NA	NA	NA	NA	NA
lbp-2D_firstorder_Range	NA	NA	NA	NA	NA	NA
lbp-2D_firstorder_Uniformity	NA	NA	NA	NA	NA	NA
lbp-2D_glcm_Autocorrelation	NA	NA	NA	NA	NA	NA
lbp-2D_glcm_JointAverage	NA	NA	NA	NA	NA	NA
lbp-2D_glcm_ClusterProminence	NA	NA	NA	NA	NA	NA
lbp-2D_glcm_ClusterShade	NA	NA	NA	NA	NA	NA
lbp-2D_glcm_ClusterTendency	NA	NA	NA	NA	NA	NA
lbp-2D_glcm_Contrast	NA	NA	NA	NA	NA	NA
lbp-2D_glcm_Correlation	NA	NA	NA	NA	NA	NA
lbp-2D_glcm_DifferenceAverage	NA	NA	NA	NA	NA	NA
lbp-2D_glcm_DifferenceEntropy	NA	NA	NA	NA	NA	NA
lbp-2D_glcm_DifferenceVariance	NA	NA	NA	NA	NA	NA
lbp-2D_glcm_JointEnergy	NA	NA	NA	NA	NA	NA
lbp-2D_glcm_JointEntropy	NA	NA	NA	NA	NA	NA
lbp-2D_glcm_Imc1	NA	NA	NA	NA	NA	NA
lbp-2D_glcm_Imc2	NA	NA	NA	NA	NA	NA
lbp-2D_glcm_Idm	NA	NA	NA	NA	NA	NA
lbp-2D_glcm_Idmn	NA	NA	NA	NA	NA	NA
lbp-2D_glcm_Id	NA	NA	NA	NA	NA	NA
lbp-2D_glcm_Idn	NA	NA	NA	NA	NA	NA
lbp-2D_glcm_InverseVariance	NA	NA	NA	NA	NA	NA
lbp-2D_glcm_MaximumProbability	NA	NA	NA	NA	NA	NA
lbp-2D_glcm_SumEntropy	NA	NA	NA	NA	NA	NA
lbp-2D_glcm_SumSquares	NA	NA	NA	NA	NA	NA
lbp-2D_glrlm_GrayLevelNonUniformityNormalized	NA	NA	NA	NA	NA	NA
lbp-2D_glrlm_GrayLevelVariance	NA	NA	NA	NA	NA	NA
lbp-2D_glrlm_HighGrayLevelRunEmphasis	NA	NA	NA	NA	NA	NA
lbp-2D_glrlm_LowGrayLevelRunEmphasis	NA	NA	NA	NA	NA	NA
lbp-2D_glszm_GrayLevelNonUniformity	NA	NA	NA	NA	NA	NA
lbp-2D_glszm_GrayLevelNonUniformityNormalized	NA	NA	NA	NA	NA	NA
lbp-2D_glszm_GrayLevelVariance	NA	NA	NA	NA	NA	NA
lbp-2D_glszm_HighGrayLevelZoneEmphasis	NA	NA	NA	NA	NA	NA
lbp-2D_glszm_LowGrayLevelZoneEmphasis	NA	NA	NA	NA	NA	NA
lbp-2D_glszm_SizeZoneNonUniformity	NA	NA	NA	NA	NA	NA
lbp-2D_glszm_SizeZoneNonUniformityNormalized	NA	NA	NA	NA	NA	NA
lbp-2D_glszm_ZoneEntropy	NA	NA	NA	NA	NA	NA
lbp-2D_glszm_ZoneVariance	NA	NA	NA	NA	NA	NA
lbp-2D_gldm_GrayLevelVariance	NA	NA	NA	NA	NA	NA
lbp-2D_gldm_HighGrayLevelEmphasis	NA	NA	NA	NA	NA	NA
lbp-2D_gldm_LowGrayLevelEmphasis	NA	NA	NA	NA	NA	NA
lbp-2D_ngtdm_Busyness	NA	NA	NA	NA	NA	NA
lbp-2D_ngtdm_Coarseness	NA	NA	NA	NA	NA	NA
lbp-2D_ngtdm_Complexity	NA	NA	NA	NA	NA	NA
lbp-2D_ngtdm_Contrast	NA	NA	NA	NA	NA	NA
lbp-2D_ngtdm_Strength	NA	NA	NA	NA	NA	NA
